"District_Type";"Municipality_Name";"Area_Code";"Higher_Education_Count";"Avg_Income_Per_Income_Recipient_1000EUR";"Avg_Income_Per_Inhabitant_1000EUR";"Avg_Std_Household_Income_1000EUR";"Pct_Lowest_40Pct_Income";"Pct_Highest_20Pct_Income";"Pct_Low_Income_Households";"Pct_Below_120Pct_Social_Min"
"Amsterdam";"Amsterdam                               ";"GM0363    ";365670;46,5;38,6;40,1;49,6;17,9;9,7;18,4
"Haarlemmerbuurt";"Amsterdam                               ";"WK0363AA  ";4960;51,7;45,4;45,1;48,9;19;9,7;18,3
"Planciusbuurt-Noord";"Amsterdam                               ";"BU0363AA01";;;;;57,8;6;11,9;20,8
"Westelijke eilanden";"Amsterdam                               ";"BU0363AA02";1530;;41,7;;52,2;18,7;9,6;18
"Westerdokseiland";"Amsterdam                               ";"BU0363AA03";970;;;;31,6;32,4;6,6;14,8
"Planciusbuurt-Zuid";"Amsterdam                               ";"BU0363AA04";;;;;75,2;2,6;22,7;36,4
"Haarlemmerbuurt-West";"Amsterdam                               ";"BU0363AA05";1240;;;;51,7;16;11,5;21
"Haarlemmerbuurt-Oost";"Amsterdam                               ";"BU0363AA06";940;;;;50,7;16;8;15,4
"Jordaan";"Amsterdam                               ";"WK0363AB  ";10240;49,8;44,4;40,7;55,2;15,1;11;19,7
"Marnixbuurt-Noord";"Amsterdam                               ";"BU0363AB01";500;;;;59,6;13,4;11,1;23,3
"Driehoekbuurt";"Amsterdam                               ";"BU0363AB02";1540;;43;;56,2;13,8;11,9;20,3
"Anjeliersbuurt-Noord";"Amsterdam                               ";"BU0363AB03";1090;;;;51,5;17,2;9,8;17,3
"Zaagpoortbuurt";"Amsterdam                               ";"BU0363AB04";;;;;72,1;6,1;17,1;28,1
"Anjeliersbuurt-Zuid";"Amsterdam                               ";"BU0363AB05";1400;47,4;42,4;;55,9;14,7;10,6;20,4
"Marnixbuurt-Midden";"Amsterdam                               ";"BU0363AB06";;;;;39,5;27,4;4,4;7
"Bloemgrachtbuurt";"Amsterdam                               ";"BU0363AB07";1650;54,2;47,5;;49,7;18,1;9,7;16,7
"Groenmarktkadebuurt";"Amsterdam                               ";"BU0363AB08";;;;;44,7;23,3;5,5;10,4
"Marnixbuurt-Zuid";"Amsterdam                               ";"BU0363AB09";;;;;59,3;10,8;12,3;18,7
"Elandsgrachtbuurt";"Amsterdam                               ";"BU0363AB10";2320;50,1;44,6;44;55,8;15;10,7;19,9
"Passeerdersgrachtbuurt";"Amsterdam                               ";"BU0363AB11";510;;;;49,7;17,8;12,3;20,2
"Grachtengordel-West";"Amsterdam                               ";"WK0363AC  ";4040;74,9;64,9;70,1;41,1;28,6;8,4;10,9
"Langestraat e.o.";"Amsterdam                               ";"BU0363AC01";990;;;;38,7;29,6;7,9;10,6
"Leliegracht e.o.";"Amsterdam                               ";"BU0363AC02";1210;;;;42,3;28,7;8,7;10,3
"Felix Meritisbuurt";"Amsterdam                               ";"BU0363AC03";1440;;;;41,4;26,8;8,1;11,3
"Leidsegracht-Noord";"Amsterdam                               ";"BU0363AC04";380;;;;43,4;30,9;10,1;11,8
"Burgwallen-Nieuwe Zijde";"Amsterdam                               ";"WK0363AD  ";2430;46,5;42,7;40;53,7;13,2;9,6;13,5
"Stationsplein e.o.";"Amsterdam                               ";"BU0363AD01";;;;;;;;
"Hemelrijk";"Amsterdam                               ";"BU0363AD02";350;;;;55,8;12,4;11,9;15,6
"Nieuwendijk-Noord";"Amsterdam                               ";"BU0363AD03";;;;;57,9;8,8;13,5;17,4
"Spuistraat-Noord";"Amsterdam                               ";"BU0363AD04";;;;;51,1;13,7;8,3;10,7
"Nieuwe Kerk e.o.";"Amsterdam                               ";"BU0363AD05";;;;;50,3;15,1;6,5;9,5
"Spuistraat-Zuid";"Amsterdam                               ";"BU0363AD06";;;;;53,1;15,8;11,5;16,5
"Begijnhofbuurt";"Amsterdam                               ";"BU0363AD07";;;;;59,9;9,7;8,4;16,2
"Kalverdriehoek";"Amsterdam                               ";"BU0363AD08";;;;;50,5;14,8;6,8;8,6
"Burgwallen-Oude Zijde";"Amsterdam                               ";"WK0363AE  ";2550;42,9;39,2;34,6;60,4;10,1;12,9;18,9
"Kop Zeedijk";"Amsterdam                               ";"BU0363AE01";;;;;57,4;9,5;12,3;17,7
"Oude Kerk e.o.";"Amsterdam                               ";"BU0363AE02";;;;;64,6;9,9;13,2;20,7
"Burgwallen-Oost";"Amsterdam                               ";"BU0363AE03";930;;;;63;8,6;14,1;20,7
"Nes e.o.";"Amsterdam                               ";"BU0363AE04";;;;;41,1;17,4;7,4;11,1
"BG-terrein e.o.";"Amsterdam                               ";"BU0363AE05";440;;;;64,7;11,2;13,7;19,3
"Nieuwmarkt/Lastage";"Amsterdam                               ";"WK0363AF  ";5480;52;46,2;48,5;51,1;17,9;8,5;17,3
"Oosterdokseiland";"Amsterdam                               ";"BU0363AF01";;;;;32;27,9;5,4;8,3
"Lastage";"Amsterdam                               ";"BU0363AF02";680;;;;44,8;20,1;6,8;13,4
"Scheepvaarthuisbuurt";"Amsterdam                               ";"BU0363AF03";460;;;;45,1;21,2;6,5;8
"Rapenburg";"Amsterdam                               ";"BU0363AF04";;;;;51,2;18,1;6,9;11,4
"Nieuwmarkt";"Amsterdam                               ";"BU0363AF05";660;;;;63,1;10,7;12,1;27,1
"Uilenburg";"Amsterdam                               ";"BU0363AF06";740;;;;44,9;23,2;9,9;17,7
"Valkenburg";"Amsterdam                               ";"BU0363AF07";630;;;;49;18,5;4,5;14,8
"Zuiderkerkbuurt";"Amsterdam                               ";"BU0363AF08";880;;;;56,6;16,1;11;20,9
"Waterloopleinbuurt";"Amsterdam                               ";"BU0363AF09";460;;;;52,8;15,3;7,7;17,1
"Grachtengordel-Zuid";"Amsterdam                               ";"WK0363AG  ";3040;75,3;65,1;67,8;41,7;25,3;7,8;9,3
"Leidsegracht-Zuid";"Amsterdam                               ";"BU0363AG01";450;;;;39,6;27,6;7,2;9,1
"Geelvinckbuurt";"Amsterdam                               ";"BU0363AG02";;;;;51,8;13,8;7,2;9
"Rembrandtplein e.o.";"Amsterdam                               ";"BU0363AG03";;;;;45,4;13,5;8;9,1
"Spiegelbuurt";"Amsterdam                               ";"BU0363AG04";510;;;;39,9;29,3;6,5;6,9
"Vijzelstraatbuurt";"Amsterdam                               ";"BU0363AG05";670;;;;40;30,7;7,8;9,4
"Amstelveldbuurt";"Amsterdam                               ";"BU0363AG06";980;;;;40,3;28,3;8,7;10,6
"De Weteringschans";"Amsterdam                               ";"WK0363AH  ";4540;62,9;55,1;77,4;43,5;23,3;7,9;11,8
"Leidsebuurt-Noordwest";"Amsterdam                               ";"BU0363AH01";;;;;49;14,6;5,6;7,3
"Leidsebuurt-Noordoost";"Amsterdam                               ";"BU0363AH02";;;;;50;14,5;8,7;11,3
"Weteringbuurt";"Amsterdam                               ";"BU0363AH03";1420;;;;42,8;23,4;7,7;11,5
"Utrechtsebuurt-Zuid";"Amsterdam                               ";"BU0363AH04";720;;;;42,1;23,6;8;12,8
"Leidsebuurt-Zuidwest";"Amsterdam                               ";"BU0363AH05";;;;;62,6;15,9;;
"Leidsebuurt-Zuidoost";"Amsterdam                               ";"BU0363AH06";;;;;49,5;18,9;8,5;12,1
"Den Texbuurt";"Amsterdam                               ";"BU0363AH07";620;;;;38,8;30,4;6,5;11,5
"Frederikspleinbuurt";"Amsterdam                               ";"BU0363AH08";580;;;;36,8;32,1;8,9;13
"Weesperbuurt/Plantage";"Amsterdam                               ";"WK0363AJ  ";3740;57,8;51;57;46,5;22,3;8;13,6
"Weesperbuurt";"Amsterdam                               ";"BU0363AJ01";1390;57;51,6;;51,9;18,8;7,9;15,5
"Plantage";"Amsterdam                               ";"BU0363AJ02";1140;;;;36;26,7;6,6;9,6
"Sarphatistrook";"Amsterdam                               ";"BU0363AJ03";1070;;;;51;21,6;10;16,6
"Alexanderplein e.o.";"Amsterdam                               ";"BU0363AJ04";;;;;40,6;28,2;6,3;7,7
"Oostelijke Eilanden/Kadijken";"Amsterdam                               ";"WK0363AK  ";7730;45,6;40,2;37,6;51,2;16;9,9;18,7
"Marine-Etablissement";"Amsterdam                               ";"BU0363AK01";;;;;;;;
"Kattenburg";"Amsterdam                               ";"BU0363AK02";560;;;;63,5;12,5;9,4;22,3
"Wittenburg";"Amsterdam                               ";"BU0363AK03";1120;;;;51,4;14,7;10,5;21,1
"Oostenburg";"Amsterdam                               ";"BU0363AK04";2050;50,9;46,2;;45,7;15,5;7,2;13,3
"Czaar Peterbuurt";"Amsterdam                               ";"BU0363AK05";1130;;;;57;13,2;13,9;23
"Het Funen";"Amsterdam                               ";"BU0363AK06";670;;;;35,1;33,7;5,4;11,7
"Kadijken";"Amsterdam                               ";"BU0363AK07";1610;46,9;41,6;;50,8;16,8;9,8;18,5
"Kazernebuurt";"Amsterdam                               ";"BU0363AK08";480;;;;54,4;11,8;13,1;22,8
"Havens-West";"Amsterdam                               ";"WK0363BA  ";;;;;;;;
"Afrikahaven";"Amsterdam                               ";"BU0363BA01";;;;;;;;
"Amerikahaven";"Amsterdam                               ";"BU0363BA02";;;;;;;;
"Westhaven-Noord";"Amsterdam                               ";"BU0363BA03";;;;;;;;
"Petroleumhaven";"Amsterdam                               ";"BU0363BA04";;;;;;;;
"Vervoerscentrum";"Amsterdam                               ";"BU0363BA05";;;;;;;;
"Westhaven-Zuid";"Amsterdam                               ";"BU0363BA06";;;;;;;;
"Coenhaven/Minervahaven";"Amsterdam                               ";"WK0363BB  ";;;;;96,4;0,3;;
"Coenhaven";"Amsterdam                               ";"BU0363BB01";;;;;;;;
"Vlothaven";"Amsterdam                               ";"BU0363BB02";;;;;;;;
"Minervahaven-Noordoost";"Amsterdam                               ";"BU0363BB03";;;;;97,8;0;;
"Minervahaven-Noordwest";"Amsterdam                               ";"BU0363BB04";;;;;;;;
"Minervahaven-Zuidwest";"Amsterdam                               ";"BU0363BB05";;;;;;;;
"Minervahaven-Zuidoost";"Amsterdam                               ";"BU0363BB06";;;;;;;;
"Alfa-driehoek";"Amsterdam                               ";"BU0363BB07";;;;;;;;
"Hemknoop-Noord";"Amsterdam                               ";"BU0363BB08";;;;;;;;
"Sloterdijk-West";"Amsterdam                               ";"WK0363EA  ";;;;;26,9;30,3;5,2;5,8
"Isolatorbuurt";"Amsterdam                               ";"BU0363EA01";;;;;;;;
"Contactbuurt";"Amsterdam                               ";"BU0363EA02";;;;;;;;
"Woon- en Groengebied Sloterdijk";"Amsterdam                               ";"BU0363EA03";;;;;23,8;32,2;3,4;4,1
"Spaarndammerbuurt/Zeeheldenbuurt";"Amsterdam                               ";"WK0363EB  ";4240;42,1;36,2;35;55,6;13,3;12,3;23,3
"Hemknoop-Zuid";"Amsterdam                               ";"BU0363EB01";;;;;;;;
"Overbraker Binnenpolder";"Amsterdam                               ";"BU0363EB02";;;;;;;;
"Zaanstraat emplacement";"Amsterdam                               ";"BU0363EB03";;;;;;;;
"Spaarndammerbuurt-Noordwest";"Amsterdam                               ";"BU0363EB04";730;;;;55,5;13,7;13,6;22,3
"Spaarndammerbuurt-Midden";"Amsterdam                               ";"BU0363EB05";590;;;;52,1;15,7;11,4;20,6
"Spaarndammerbuurt-Zuidwest";"Amsterdam                               ";"BU0363EB06";760;;;;57,1;13,2;10,4;23
"Spaarndammerbuurt-Noordoost";"Amsterdam                               ";"BU0363EB07";910;;34;;60;11,2;14,7;26,7
"Zeeheldenbuurt";"Amsterdam                               ";"BU0363EB08";880;;;;52,3;14,6;11,3;23,1
"Westergasfabriek";"Amsterdam                               ";"BU0363EB09";;;;;;;;
"Spaarndammerbuurt-Zuidoost";"Amsterdam                               ";"BU0363EB10";;;;;52;13,6;9,7;20,7
"Houthavens";"Amsterdam                               ";"WK0363EC  ";2640;81,1;63,3;;24,2;43,3;4,7;6,6
"Houthavens-West";"Amsterdam                               ";"BU0363EC01";2370;86,4;65,9;;21;47,3;3,6;5,1
"Houthavens-Oost";"Amsterdam                               ";"BU0363EC02";320;;;;39,6;24,8;10,1;13,8
"De Kolenkit";"Amsterdam                               ";"WK0363ED  ";4140;38,3;30,4;32,8;53,6;14,6;12,6;23
"Kolenkitbuurt-Noord";"Amsterdam                               ";"BU0363ED01";1340;34,5;26,1;;51,4;14,2;17,3;27
"Kolenkitbuurt-Zuid";"Amsterdam                               ";"BU0363ED02";630;;;;44,5;18,8;9,9;20,7
"Laan van Spartaan";"Amsterdam                               ";"BU0363ED03";1350;;35,2;;50;17,9;8,2;15,6
"Robert Scottbuurt-West";"Amsterdam                               ";"BU0363ED04";;;;;68;8,5;10,6;24,8
"Landlust";"Amsterdam                               ";"WK0363EE  ";7950;41,6;34,6;35,3;50,6;15,2;11,1;20,8
"Bosleeuw";"Amsterdam                               ";"BU0363EE01";2170;37,1;30,5;33,3;51,1;14,6;11,7;21,2
"Gibraltarbuurt";"Amsterdam                               ";"BU0363EE02";1760;39,6;33,4;;55,4;10,3;12,6;22,7
"Bedrijventerrein Landlust";"Amsterdam                               ";"BU0363EE03";;;;;41,7;18,5;5,4;9
"Landlust-Noord";"Amsterdam                               ";"BU0363EE04";910;;;;52,7;10,9;11,3;23,1
"Erasmusparkbuurt-Oost";"Amsterdam                               ";"BU0363EE05";940;;;;45,3;24,2;9,3;17,5
"Landlust-Zuid";"Amsterdam                               ";"BU0363EE06";1700;46,9;39,3;;47,5;19,1;10,3;20,6
"Erasmuspark";"Amsterdam                               ";"WK0363EF  ";2850;47,5;41,3;40;40,9;19,7;6,3;12,8
"Robert Scottbuurt-Oost";"Amsterdam                               ";"BU0363EF01";820;;;;46,8;17;8,4;17,3
"Erasmusparkbuurt-West";"Amsterdam                               ";"BU0363EF02";2030;49,1;42,7;;38,4;20,9;5,4;10,8
"Centrale Markt";"Amsterdam                               ";"WK0363EG  ";1040;;;;41,2;22,3;7,8;16,9
"Bedrijvencentrum Westerkwartier";"Amsterdam                               ";"BU0363EG01";;;;;;;;
"GWL-terrein";"Amsterdam                               ";"BU0363EG02";520;;;;33,5;26,2;6,8;14,4
"Markthallen";"Amsterdam                               ";"BU0363EG03";;;;;;;;
"Marcanti";"Amsterdam                               ";"BU0363EG04";580;;;;49,3;18;8,9;19,9
"Staatsliedenbuurt";"Amsterdam                               ";"WK0363EH  ";6630;46,1;40,4;37,6;51,3;15,8;11,7;21,7
"Westerstaatsman";"Amsterdam                               ";"BU0363EH01";1650;;43,1;;48,1;16,2;11,5;20
"Fannius Scholtenbuurt";"Amsterdam                               ";"BU0363EH02";1840;45,8;39,8;;51,4;13,6;13,4;21,9
"Staatsliedenbuurt-Noordoost";"Amsterdam                               ";"BU0363EH03";480;;;;62,3;10,1;11,2;30,3
"De Wittenbuurt-Noord";"Amsterdam                               ";"BU0363EH04";640;;;;53,1;15,7;11,3;21,1
"De Wittenbuurt-Zuid";"Amsterdam                               ";"BU0363EH05";360;;;;63,6;9,2;15,8;31,7
"Buyskade e.o.";"Amsterdam                               ";"BU0363EH06";1670;49;42,7;;45,3;22,4;9,2;16,7
"Frederik Hendrikbuurt";"Amsterdam                               ";"WK0363EJ  ";4040;49,6;44,1;39,1;49,4;16,9;11,1;19,7
"Frederik Hendrikbuurt-Noord";"Amsterdam                               ";"BU0363EJ01";1860;48,2;42,3;;49,7;16,7;10,6;19,1
"Frederik Hendrikbuurt-Zuidwest";"Amsterdam                               ";"BU0363EJ02";560;;;;44,9;19,2;8,3;17,7
"Frederik Hendrikbuurt-Zuidoost";"Amsterdam                               ";"BU0363EJ03";1560;51,4;46,2;;50,7;16,4;12,7;21
"Van Galenbuurt";"Amsterdam                               ";"WK0363EK  ";2530;39,7;34,4;33,4;57;11,5;13,4;25,3
"Mercatorpark";"Amsterdam                               ";"BU0363EK01";;;;;;;;
"Orteliusbuurt-Noord";"Amsterdam                               ";"BU0363EK02";480;;;;51,9;12,7;12,9;23,7
"Jan Maijenbuurt";"Amsterdam                               ";"BU0363EK03";940;;;;58,6;11,2;15;27,7
"John Franklinbuurt";"Amsterdam                               ";"BU0363EK04";730;;;;58,8;11,1;11,8;23,6
"Geuzenbuurt";"Amsterdam                               ";"WK0363EL  ";3800;48,8;42,3;38,8;47;18,5;8,8;15,9
"Pieter van der Doesbuurt";"Amsterdam                               ";"BU0363EL01";990;;;;55,9;13,6;13,5;24,3
"Trompbuurt";"Amsterdam                               ";"BU0363EL02";1650;50,9;43,4;;45,1;21,7;7,6;14,3
"Geuzenhofbuurt";"Amsterdam                               ";"BU0363EL03";1120;;;;41,3;18,3;6,2;10,2
"Hoofdweg e.o.";"Amsterdam                               ";"WK0363EM  ";4220;42,1;36,4;35,5;53,3;13,7;11,7;21,6
"Orteliusbuurt-Midden";"Amsterdam                               ";"BU0363EM01";890;;;;49,7;15,5;10,6;19
"Balboaplein e.o.";"Amsterdam                               ";"BU0363EM02";1160;40,6;35;;53;13,3;11,6;20,9
"Orteliusbuurt-Zuid";"Amsterdam                               ";"BU0363EM03";970;;;;50,6;15,3;9,5;19,4
"Columbusplein e.o.";"Amsterdam                               ";"BU0363EM04";1180;39,4;33,5;;57,1;12,1;13,6;24,9
"Chassébuurt";"Amsterdam                               ";"WK0363EN  ";2840;44,8;37,4;37,4;49;18,5;10,3;20,2
"Filips van Almondekwartier";"Amsterdam                               ";"BU0363EN01";630;;;;49,2;23,2;7,6;16,9
"Kortenaerkwartier";"Amsterdam                               ";"BU0363EN02";1020;;;;46,4;19,9;9,4;18,2
"Van Brakelkwartier";"Amsterdam                               ";"BU0363EN03";370;;;;52,3;13,2;12;23,4
"De Wester Quartier";"Amsterdam                               ";"BU0363EN04";750;;;;50,4;16,3;12,4;23,2
"Bellamybuurt";"Amsterdam                               ";"WK0363EP  ";3320;51,1;44,6;39,3;49,6;17,6;9,2;16,8
"Bellamybuurt-Noord";"Amsterdam                               ";"BU0363EP01";1000;;;;50,2;17,6;10;19,1
"Bellamybuurt-Zuid";"Amsterdam                               ";"BU0363EP02";2280;52,4;46,2;;49,2;17,6;8,7;15,5
"Da Costabuurt";"Amsterdam                               ";"WK0363EQ  ";2740;54,7;48,5;42,6;45,9;21,1;7,9;14,2
"Da Costabuurt-Noord";"Amsterdam                               ";"BU0363EQ01";2740;54,7;48,5;42,6;45,9;21,1;7,9;14,2
"Westindische Buurt";"Amsterdam                               ";"WK0363ER  ";3800;53;45,4;42;42,5;22,1;6,9;13,5
"Postjeskade e.o.";"Amsterdam                               ";"BU0363ER01";1580;50,5;43,6;;43,4;20,7;7;14,1
"Paramariboplein e.o.";"Amsterdam                               ";"BU0363ER02";2190;55,1;46,9;;41,7;23,2;6,8;12,9
"Van Lennepbuurt";"Amsterdam                               ";"WK0363ES  ";3130;43,7;38,5;35,7;57,8;12,3;12,2;25,2
"Lootsbuurt";"Amsterdam                               ";"BU0363ES01";940;;;;59,1;12,8;13,8;25,4
"Borgerbuurt";"Amsterdam                               ";"BU0363ES02";910;;31,3;;63,6;9,4;13,1;32,6
"Da Costabuurt-Zuid";"Amsterdam                               ";"BU0363ES03";1270;;;;50;15,3;9,8;16
"Overtoomse Sluis";"Amsterdam                               ";"WK0363ET  ";4760;60,4;52,6;45,9;42,9;23,6;8,1;13,6
"Cremerbuurt-West";"Amsterdam                               ";"BU0363ET01";3420;58;50,7;43,7;42,9;22,5;8,6;14,1
"Vondelparkbuurt-West";"Amsterdam                               ";"BU0363ET02";1330;;;;43;26,5;6,8;12,5
"Helmersbuurt";"Amsterdam                               ";"WK0363EU  ";4490;60,6;52,6;47,1;44,6;23,4;8,7;15,1
"Cremerbuurt-Oost";"Amsterdam                               ";"BU0363EU01";1450;;;;41,8;24,3;8,5;12,8
"WG-terrein";"Amsterdam                               ";"BU0363EU02";1400;;46,5;;53,5;19;11,8;22,3
"Helmersbuurt-Oost";"Amsterdam                               ";"BU0363EU03";1670;;;;37,4;27,5;5,1;8,7
"Vondelparkbuurt";"Amsterdam                               ";"WK0363EV  ";1070;;;;43,7;27,1;11,2;15,6
"Vondelparkbuurt-Midden";"Amsterdam                               ";"BU0363EV01";;;;;46,2;25,7;8,3;16
"Vondelparkbuurt-Oost";"Amsterdam                               ";"BU0363EV02";560;;;;41,6;28,3;13,7;15,3
"Sloterdijk Nieuw-West";"Amsterdam                               ";"WK0363FA  ";;;;;80,2;3,2;18;22
"Sloterdijk De Heining";"Amsterdam                               ";"BU0363FA01";;;;;;;;
"Sloterdijk Poort-Noord";"Amsterdam                               ";"BU0363FA02";;;;;;;;
"Sloterdijk Poort-Zuid";"Amsterdam                               ";"BU0363FA03";;;;;;;;
"Sloterdijk Rhônepark";"Amsterdam                               ";"BU0363FA04";;;;;;;;
"Sloterdijk Donauhoek";"Amsterdam                               ";"BU0363FA05";;;;;;;;
"Bretten-West";"Amsterdam                               ";"BU0363FA06";;;;;;;;
"Bretten-Oost";"Amsterdam                               ";"BU0363FA07";;;;;;;;
"Sloterdijk Stationskwartier";"Amsterdam                               ";"BU0363FA08";;;;;79,3;3,4;14,4;18,2
"Geuzenveld";"Amsterdam                               ";"WK0363FB  ";2860;32,1;23,7;30,7;49,9;13,4;11,8;23,4
"Osdorper Binnenpolder";"Amsterdam                               ";"BU0363FB01";;;;;;;;
"De Eendracht";"Amsterdam                               ";"BU0363FB02";500;;;;37,8;20,3;4,9;9,6
"Ruys de Beerenbrouckbuurt";"Amsterdam                               ";"BU0363FB03";830;30,8;22,3;;54;12,4;12,7;26,2
"Eendrachtspark";"Amsterdam                               ";"BU0363FB04";;;;;58,1;8,1;26,3;35
"Van Tijenbuurt";"Amsterdam                               ";"BU0363FB05";430;;24,3;;44,7;19,6;8;16,6
"Dudokbuurt";"Amsterdam                               ";"BU0363FB06";390;;21,7;;55,2;9,9;14,2;30,9
"Bakemabuurt";"Amsterdam                               ";"BU0363FB07";510;;24;;45,2;10,8;14,2;24,2
"Wegener Sleeswijkbuurt";"Amsterdam                               ";"BU0363FB08";140;;;;57,8;8,9;13,6;27,6
"Slotermeer-West";"Amsterdam                               ";"WK0363FC  ";1660;29,6;22,8;28,1;60;9,3;15,1;27,5
"Jan de Louterbuurt";"Amsterdam                               ";"BU0363FC01";700;32,2;25,4;;58,1;10;13,1;22
"Lodewijk van Deysselbuurt";"Amsterdam                               ";"BU0363FC02";380;26,5;19,9;;61,2;7,9;17,7;31,5
"Confuciusbuurt";"Amsterdam                               ";"BU0363FC03";610;30;22,9;;61;9,6;14,7;29,3
"Slotermeer-Noordoost";"Amsterdam                               ";"WK0363FD  ";1780;31,9;24,3;29,7;56,6;10,5;14,9;26,2
"Arondeusbuurt";"Amsterdam                               ";"BU0363FD01";380;;21;;59,7;10;16,1;29,8
"Coronelbuurt";"Amsterdam                               ";"BU0363FD02";490;;;;41,3;20,4;6,1;7,1
"Meerwaldtbuurt";"Amsterdam                               ";"BU0363FD03";260;;;;67,3;7,7;19,6;36,5
"Dobbebuurt";"Amsterdam                               ";"BU0363FD04";670;;24,2;;54,3;7,6;15,1;25,8
"Slotermeer-Zuidoost";"Amsterdam                               ";"WK0363FE  ";1890;34,7;27,9;30,5;61,4;10,4;13,5;26,4
"Dichtersbuurt";"Amsterdam                               ";"BU0363FE01";;;;;74,4;4,9;19,1;37,7
"Louis Couperusbuurt";"Amsterdam                               ";"BU0363FE02";590;;;;71;4,3;16,1;32,3
"Noordoever Sloterplas";"Amsterdam                               ";"BU0363FE03";1150;39,9;32,3;;49,8;16,8;9,4;17,9
"Sloterpark";"Amsterdam                               ";"BU0363FE04";;;;;;;;
"Lutkemeer/Ookmeer";"Amsterdam                               ";"WK0363FF  ";260;;;;43,9;25,1;9,5;17,4
"Osdorper Bovenpolder";"Amsterdam                               ";"BU0363FF01";160;;;;42,7;26,2;7,9;17,2
"Ookmeer";"Amsterdam                               ";"BU0363FF02";;;;;;;;
"Bedrijvenpark Lutkemeer";"Amsterdam                               ";"BU0363FF03";;;;;;;;
"De Aker";"Amsterdam                               ";"WK0363FG  ";3670;42,8;33,8;39,9;35,8;28,2;6,3;12,1
"Middelveldsche Akerpolder";"Amsterdam                               ";"BU0363FG01";730;37,7;28,2;;43,2;16,9;7,8;14,3
"De Aker-West";"Amsterdam                               ";"BU0363FG02";1430;43,3;34,9;;35,2;30,1;6,7;12,6
"De Aker-Oost";"Amsterdam                               ";"BU0363FG03";1560;45,7;36,7;;31;34,9;4,9;10
"De Punt";"Amsterdam                               ";"WK0363FH  ";1160;31,9;25,2;30,2;54,3;10,8;10,2;20,9
"Bedrijvencentrum Osdorp";"Amsterdam                               ";"BU0363FH01";;;;;;;;
"Dijkgraafpleinbuurt";"Amsterdam                               ";"BU0363FH02";1160;31,9;25,1;30,2;54,4;10,8;10,2;20,9
"Osdorp-Midden";"Amsterdam                               ";"WK0363FJ  ";2870;34,6;26,4;31,4;52,9;13,4;12,1;23,7
"Reimerswaal";"Amsterdam                               ";"BU0363FJ01";260;;21;;62,9;7,7;16,4;34,3
"Botteskerkbuurt";"Amsterdam                               ";"BU0363FJ02";460;;24,1;;56,5;11,6;14,2;27,3
"Zuidwestkwadrant-Noord";"Amsterdam                               ";"BU0363FJ03";790;;24,7;;56,2;12;11,9;26
"Zuidwestkwadrant-Zuid";"Amsterdam                               ";"BU0363FJ04";1720;39,4;30,9;34,6;45,1;17,5;9,2;16
"Osdorp-Oost";"Amsterdam                               ";"WK0363FK  ";4530;34,6;27,8;31,1;57,3;10,5;11;23,5
"Wildeman";"Amsterdam                               ";"BU0363FK01";660;26,9;20,8;;69,2;5;16,7;36,2
"Meer en Oever";"Amsterdam                               ";"BU0363FK02";1180;42,8;34,8;;40,6;16,4;7,1;14,8
"Osdorpplein e.o.";"Amsterdam                               ";"BU0363FK03";1170;37,5;29,8;;50;11,1;7,7;15,9
"Calandlaan/Lelylaan";"Amsterdam                               ";"BU0363FK04";200;;;;61,8;9,8;15,6;27,3
"Osdorp-Zuidoost";"Amsterdam                               ";"BU0363FK05";1250;33,9;28,5;;61,8;11,7;9;21,6
"Slotervaart-Noord";"Amsterdam                               ";"WK0363FL  ";2120;37,2;28,8;33,4;51,8;16;10,3;20,9
"Oostoever Sloterplas";"Amsterdam                               ";"BU0363FL01";830;;;;39,3;27,3;4,8;15,1
"Emanuel van Meterenbuurt";"Amsterdam                               ";"BU0363FL02";820;;;;51,4;17,3;11,3;19,4
"Jacob Geelbuurt";"Amsterdam                               ";"BU0363FL03";400;;20,9;;62,7;5,6;14,3;27,1
"Overtoomse Veld";"Amsterdam                               ";"WK0363FM  ";5070;39,5;31,6;33,3;50,7;15,2;9,7;17,1
"Lucas/Andreasziekenhuis e.o.";"Amsterdam                               ";"BU0363FM01";;;;;57,9;6,9;5;3,4
"Overtoomse Veld-Noord";"Amsterdam                               ";"BU0363FM02";1580;37,4;28,4;;44,5;19,9;12;23,6
"Rembrandtpark-Noord";"Amsterdam                               ";"BU0363FM03";;;;;66,9;8,6;5,9;7,8
"Overtoomse Veld-Zuid";"Amsterdam                               ";"BU0363FM04";1780;40,9;33,4;;51;13,4;5,9;12,5
"Rembrandtpark-Zuid";"Amsterdam                               ";"BU0363FM05";;;;;34,6;24,9;4,2;5,8
"Johan Jongkindbuurt";"Amsterdam                               ";"BU0363FM06";;;;;71,7;6,1;31;38,2
"Slotervaart-Zuid";"Amsterdam                               ";"WK0363FN  ";3210;35,3;28,1;30,6;58;11;9,9;21
"Louis Crispijnbuurt";"Amsterdam                               ";"BU0363FN01";870;32;25,8;;60;9,2;9,3;20,5
"Jacques Veldmanbuurt";"Amsterdam                               ";"BU0363FN02";1290;39,6;32,1;;54,3;12;7,8;17,1
"Medisch Centrum Slotervaart";"Amsterdam                               ";"BU0363FN03";;;;;93,1;0,7;20,8;31,2
"Staalmanbuurt";"Amsterdam                               ";"BU0363FN04";760;;28,1;;46,6;16,1;11,2;24,4
"Westlandgracht";"Amsterdam                               ";"WK0363FP  ";6690;45,1;38,9;34;57,8;13,1;9,8;15,9
"Schipluidenbuurt";"Amsterdam                               ";"BU0363FP01";;;;;67,6;6,7;13;14,6
"Koningin Wilhelminaplein";"Amsterdam                               ";"BU0363FP02";1880;61;52,7;;30,4;22,6;3,4;3,6
"Andreasterrein";"Amsterdam                               ";"BU0363FP03";630;;;;30,2;38,1;7,1;13,8
"Delflandpleinbuurt-West";"Amsterdam                               ";"BU0363FP04";2160;36,8;32;29,6;66,6;8,4;10,1;18,9
"Delflandpleinbuurt-Oost";"Amsterdam                               ";"BU0363FP05";660;;;;70,7;8,9;13,7;27,2
"Riekerhaven";"Amsterdam                               ";"BU0363FP06";;;;;93,1;0;33,5;44,6
"Sloten/Nieuw-Sloten";"Amsterdam                               ";"WK0363FQ  ";5380;46,4;37,8;41,8;32;28;5;8,8
"Dorp Sloten";"Amsterdam                               ";"BU0363FQ01";240;;;;31,5;30,6;6;8,5
"Nieuw-Sloten-Noordwest";"Amsterdam                               ";"BU0363FQ02";910;;34,4;;32,6;28,7;6,2;12,1
"Nieuw-Sloten-Noordoost";"Amsterdam                               ";"BU0363FQ03";1070;42,1;34,2;;36,2;23,3;4,8;9
"Nieuw-Sloten-Zuidwest";"Amsterdam                               ";"BU0363FQ04";870;;;;13,9;44,9;1,9;2,2
"Belgiëplein e.o.";"Amsterdam                               ";"BU0363FQ05";510;;;;51,6;14,5;7,9;19,1
"Nieuw-Sloten-Zuidoost";"Amsterdam                               ";"BU0363FQ06";700;;;;32,4;25,1;4,7;6,3
"Sloterweg e.o.";"Amsterdam                               ";"BU0363FQ07";;;;;21,6;45,6;8,2;8,2
"Park Haagseweg";"Amsterdam                               ";"BU0363FQ08";440;;;;14,3;44,4;2;2,5
"Riekerpolder";"Amsterdam                               ";"BU0363FQ09";;;;;35;14,7;1,7;2,2
"Nieuwe Meer";"Amsterdam                               ";"BU0363FQ10";;;;;;;;
"Hoofddorppleinbuurt";"Amsterdam                               ";"WK0363KA  ";6550;56,9;49;45;41,3;24,4;7,1;12,3
"Westlandgrachtbuurt";"Amsterdam                               ";"BU0363KA01";1910;57,1;48,8;;39,6;25,1;6,2;12
"Surinamepleinbuurt";"Amsterdam                               ";"BU0363KA02";830;;;;47,4;24,3;9,3;13,8
"Legmeerpleinbuurt";"Amsterdam                               ";"BU0363KA03";760;;;;40,8;24,1;6,7;12,4
"Aalsmeerwegbuurt-West";"Amsterdam                               ";"BU0363KA04";1550;;;;38,3;24,5;6,8;11,2
"Aalsmeerwegbuurt-Oost";"Amsterdam                               ";"BU0363KA05";1360;;;;40,8;24;7,4;13,2
"Bedrijventerrein Schinkel";"Amsterdam                               ";"BU0363KA06";;;;;70,2;17,4;;
"Schinkelbuurt";"Amsterdam                               ";"WK0363KB  ";2090;53,3;47,3;;49,8;17,2;8,7;16,1
"Schinkelbuurt-Noord";"Amsterdam                               ";"BU0363KB01";1400;;;;45,5;20,2;7,4;12,9
"Schinkelbuurt-Zuid";"Amsterdam                               ";"BU0363KB02";;;;;56,8;12,4;10,8;21,2
"Willemspark";"Amsterdam                               ";"WK0363KC  ";2580;102,6;78,5;110,1;28,6;43,7;5,8;8,8
"Vondelpark-West";"Amsterdam                               ";"BU0363KC01";;;;;;;;
"Willemsparkbuurt-Noord";"Amsterdam                               ";"BU0363KC02";930;;;;31,7;44,1;6,7;8,5
"Valeriusbuurt-West";"Amsterdam                               ";"BU0363KC03";1370;;67,8;;29,9;39,2;5,4;9,8
"Valeriusbuurt-Oost";"Amsterdam                               ";"BU0363KC04";460;;;;22;52,2;5,3;7,2
"Museumkwartier";"Amsterdam                               ";"WK0363KD  ";7100;97,1;78,5;88,5;33;35,5;6,1;8,9
"Vondelpark-Oost";"Amsterdam                               ";"BU0363KD01";;;;;;;;
"Cornelis Schuytbuurt";"Amsterdam                               ";"BU0363KD02";1610;;86,2;;25,9;46,5;6,4;7,4
"Concertgebouwbuurt";"Amsterdam                               ";"BU0363KD03";1040;;;;30,5;40;6,5;9,1
"P.C. Hooftbuurt";"Amsterdam                               ";"BU0363KD04";430;;;;31,9;39,6;6,3;8,5
"Museumplein";"Amsterdam                               ";"BU0363KD05";;;;;;;;
"Banpleinbuurt";"Amsterdam                               ";"BU0363KD06";;;;;28,1;46,8;5,8;7
"Hondecoeterbuurt";"Amsterdam                               ";"BU0363KD07";1220;;;;32,7;35,5;4,9;8,4
"Johannes Vermeerbuurt";"Amsterdam                               ";"BU0363KD08";830;;;;28,5;39,3;5,7;8,6
"Duivelseiland";"Amsterdam                               ";"BU0363KD09";920;;;;42,1;25,3;8,4;13
"Harmoniehofbuurt";"Amsterdam                               ";"BU0363KD10";600;;;;45,4;12,4;4,8;9,4
"Oude Pijp";"Amsterdam                               ";"WK0363KE  ";8030;52;46,1;40,2;52,2;16,2;9,7;16,9
"Frans Halsbuurt";"Amsterdam                               ";"BU0363KE01";1410;;49,7;;51,1;18,7;10,5;16,3
"Gerard Doubuurt";"Amsterdam                               ";"BU0363KE02";940;;;;54,6;14,9;11,2;21,5
"Hercules Seghersbuurt";"Amsterdam                               ";"BU0363KE03";1250;;;;55,7;11,8;10,3;18,7
"Sarphatiparkbuurt";"Amsterdam                               ";"BU0363KE04";2860;49,6;44,4;37,7;52,9;14,7;9;16,3
"Hemonybuurt";"Amsterdam                               ";"BU0363KE05";1560;;51,3;;46,4;22,2;8,4;13,2
"Nieuwe Pijp";"Amsterdam                               ";"WK0363KF  ";6430;52;46,2;40,2;51,3;17,6;10,3;18,9
"Cornelis Troostbuurt";"Amsterdam                               ";"BU0363KF01";2200;52,6;46,5;;49,6;18,6;10,3;17,5
"Lizzy Ansinghbuurt";"Amsterdam                               ";"BU0363KF02";1120;;;;49,6;16,5;10;19,6
"Van der Helstpleinbuurt";"Amsterdam                               ";"BU0363KF03";1910;54,3;47,9;;48,5;19,2;9,9;15,8
"Willibrordusbuurt";"Amsterdam                               ";"BU0363KF04";1140;;44,6;;58,6;15;11,2;24,6
"Zuid Pijp";"Amsterdam                               ";"WK0363KG  ";3060;37,6;32,4;32,9;60,3;10,7;14;29,7
"BurgemeesterTellegenbuurt-West";"Amsterdam                               ";"BU0363KG01";800;;;;61,7;9,9;12,4;30,2
"Burgemeester Tellegenbuurt-Oost";"Amsterdam                               ";"BU0363KG02";1240;;34;;58,1;10,9;13,7;27,7
"Diamantbuurt";"Amsterdam                               ";"BU0363KG03";1050;36,9;31,1;;61,3;11,2;15,4;31,2
"Stadionbuurt";"Amsterdam                               ";"WK0363KH  ";4920;53,4;44,8;41,5;48,5;19,6;9;19,8
"Bertelmanpleinbuurt";"Amsterdam                               ";"BU0363KH01";420;;;;60,8;7,2;11,3;26,8
"Olympisch Stadion e.o.";"Amsterdam                               ";"BU0363KH02";960;;;;35;32,5;7,3;14,3
"Marathonbuurt-West";"Amsterdam                               ";"BU0363KH03";720;;;;63,2;8,7;14,2;32,6
"Marathonbuurt-Oost";"Amsterdam                               ";"BU0363KH04";500;;;;56,1;12,2;10,8;24,6
"Van Tuyllbuurt";"Amsterdam                               ";"BU0363KH05";2360;60,2;50,8;;41,2;24,7;5,6;11,6
"IJsbaanpad e.o.";"Amsterdam                               ";"BU0363KH06";;;;;23,8;46,3;3,3;4,6
"Apollobuurt";"Amsterdam                               ";"WK0363KJ  ";4310;99,3;74,4;91,8;26,7;46,6;7,4;8,8
"Hiltonbuurt";"Amsterdam                               ";"BU0363KJ01";;;;;;;;
"Minervabuurt-Noord";"Amsterdam                               ";"BU0363KJ02";820;;;;22,1;53,5;6,5;7,2
"Minervabuurt-Midden";"Amsterdam                               ";"BU0363KJ03";1330;;;;24;49,5;6,6;7
"Minervabuurt-Zuid";"Amsterdam                               ";"BU0363KJ04";950;;62,7;;28,8;40,2;6,6;8,1
"Beethovenbuurt";"Amsterdam                               ";"BU0363KJ05";660;;;;34,9;42,6;10,5;14,1
"Diepenbrockbuurt";"Amsterdam                               ";"BU0363KJ06";380;;;;21,1;55,8;9,6;9,9
"Scheldebuurt";"Amsterdam                               ";"WK0363KK  ";8380;60,7;51,2;48,1;39,3;28,2;5,4;11,1
"Wielingenbuurt";"Amsterdam                               ";"BU0363KK01";1750;;54,7;;34,6;32;5;9,4
"Scheldebuurt-West";"Amsterdam                               ";"BU0363KK02";2250;57,7;48,8;;40,9;27,3;5,3;11,4
"Scheldebuurt-Midden";"Amsterdam                               ";"BU0363KK03";1760;64,3;54,2;;38,5;31,3;4,3;9,5
"Scheldebuurt-Oost";"Amsterdam                               ";"BU0363KK04";1470;;;;38,6;25,6;4,9;9,4
"Veluwebuurt";"Amsterdam                               ";"BU0363KK05";620;;;;55,5;15,5;10,2;22,1
"Kop Zuidas";"Amsterdam                               ";"BU0363KK06";;;;;16,5;42,3;2,8;3,3
"IJselbuurt";"Amsterdam                               ";"WK0363KL  ";2380;44,9;39,4;35,8;54,3;14,6;9,4;20
"IJselbuurt-West";"Amsterdam                               ";"BU0363KL01";1020;;;;56,8;13,1;10,9;23,2
"IJselbuurt-Oost";"Amsterdam                               ";"BU0363KL02";1360;;39,3;;52;16;8;17,1
"Rijnbuurt";"Amsterdam                               ";"WK0363KM  ";4810;47,9;42,3;38,6;53,4;15,9;9,8;20,3
"Kromme Mijdrechtbuurt";"Amsterdam                               ";"BU0363KM01";1210;;;;57,6;12,8;11,4;21,6
"Rijnbuurt-West";"Amsterdam                               ";"BU0363KM02";540;;;;69,4;6,6;16,2;35,7
"Rijnbuurt-Midden";"Amsterdam                               ";"BU0363KM03";1350;;;;45,5;20,2;7,3;14,3
"Rijnbuurt-Oost";"Amsterdam                               ";"BU0363KM04";1620;;47,3;;45,3;21,2;6;13,5
"Zorgvlied";"Amsterdam                               ";"BU0363KM05";;;;;;;;
"Prinses Irenebuurt e.o.";"Amsterdam                               ";"WK0363KN  ";700;;;;20,4;43,5;3,2;4,5
"Prinses Irenebuurt";"Amsterdam                               ";"BU0363KN01";700;;;;20,4;43,5;3,2;4,5
"Beatrixpark";"Amsterdam                               ";"BU0363KN02";;;;;;;;
"Zuidas";"Amsterdam                               ";"WK0363KP  ";3160;72,9;60,3;57,9;50,3;23,8;10,7;11,3
"Zuidas-Noord";"Amsterdam                               ";"BU0363KP01";;;;;36;34,9;1,3;2,1
"RAI";"Amsterdam                               ";"BU0363KP02";;;;;;;;
"VU-kwartier";"Amsterdam                               ";"BU0363KP03";;;;;49;15,4;;
"Zuidas-Zuid";"Amsterdam                               ";"BU0363KP04";1640;;76,3;;27,3;36;4,5;4,9
"Vivaldi";"Amsterdam                               ";"BU0363KP05";;;;;80,4;7,9;23,3;24,2
"Buitenveldert-West";"Amsterdam                               ";"WK0363KQ  ";5740;56;46,1;47,4;44,5;21;6,3;14,2
"Amsterdamse Bos";"Amsterdam                               ";"BU0363KQ01";;;;;;;;
"Zuiderhof";"Amsterdam                               ";"BU0363KQ02";;;;;;;;
"Buitenveldert-West-Midden";"Amsterdam                               ";"BU0363KQ03";350;;;;38,6;32,1;5,8;11,3
"Gelderlandpleinbuurt";"Amsterdam                               ";"BU0363KQ04";2180;54,1;45,9;45,6;45;18,9;6,1;13,9
"Buitenveldert-Zuidwest";"Amsterdam                               ";"BU0363KQ05";1840;56,3;46;;49,9;22,4;7,1;18,3
"Buitenveldert-Zuid-Midden";"Amsterdam                               ";"BU0363KQ06";1340;53,1;42,7;;39,8;19,4;5,8;10,7
"Buitenveldert-Oost";"Amsterdam                               ";"WK0363KR  ";3290;52;42,5;41,2;47,5;18,4;7,7;15
"De Klenckebuurt";"Amsterdam                               ";"BU0363KR01";;;;;30;24,4;3,9;6,5
"Buitenveldert-Oost-Midden";"Amsterdam                               ";"BU0363KR02";1300;44,9;37;;50,9;14,9;8,9;20,2
"Buitenveldert-Zuidoost";"Amsterdam                               ";"BU0363KR03";1560;56,2;45,8;;47,6;20,5;7,3;11,6
"Amstelpark";"Amsterdam                               ";"BU0363KR04";;;;;;;;
"Oostelijk Havengebied";"Amsterdam                               ";"WK0363MA  ";10350;56,8;48,3;47,3;33,2;29,3;6,6;11
"Java-eiland";"Amsterdam                               ";"BU0363MA01";1400;56,7;49,3;;38,1;27,6;10,4;12,7
"KNSM-eiland";"Amsterdam                               ";"BU0363MA02";1220;;;;34,5;23,1;6,8;12,4
"Oostelijke Handelskade";"Amsterdam                               ";"BU0363MA03";810;;;;26,2;34,3;6;9,2
"Rietlanden";"Amsterdam                               ";"BU0363MA04";1250;;;;33;31,1;5,7;11,6
"Sporenburg";"Amsterdam                               ";"BU0363MA05";1400;;47,4;;23,7;43;4,4;6,4
"Borneo";"Amsterdam                               ";"BU0363MA06";1440;;45,4;;28,2;36,2;6,1;10,8
"Entrepot-Noordwest";"Amsterdam                               ";"BU0363MA07";570;;;;47,5;17,1;9,7;19,9
"Bedrijvengebied Veelaan";"Amsterdam                               ";"BU0363MA08";;;;;;;;
"Architectenbuurt";"Amsterdam                               ";"BU0363MA09";820;;;;38,7;18;7,6;15,1
"Cruquiusbuurt";"Amsterdam                               ";"BU0363MA10";1640;;;;26,3;33,9;1,8;3,2
"Bedrijvengebied Zeeburgerkade";"Amsterdam                               ";"BU0363MA11";;;;;55,6;11,8;6;7,5
"Weesperzijde";"Amsterdam                               ";"WK0363MB  ";3430;60;51,7;46,3;42,3;24,6;6,9;12,5
"Weesperzijde-Noord";"Amsterdam                               ";"BU0363MB01";1230;;;;39,8;27,7;6,4;10,2
"Weesperzijde-Midden/Zuid";"Amsterdam                               ";"BU0363MB02";1920;58,9;50,5;;39,4;25,5;6,4;13,1
"Parooldriehoek";"Amsterdam                               ";"BU0363MB03";;;;;77,1;3,3;15,8;23,3
"Oosterparkbuurt";"Amsterdam                               ";"WK0363MC  ";4990;45,1;38,8;37,3;54,7;15,5;11,6;22,9
"Oosterparkbuurt-Noordwest";"Amsterdam                               ";"BU0363MC01";1850;43,6;38,5;;57,8;13,1;10,4;20,7
"Oosterpark";"Amsterdam                               ";"BU0363MC02";;;;;80,6;2,8;;
"Oosterparkbuurt-Zuidwest";"Amsterdam                               ";"BU0363MC03";1120;42,6;35,9;;57,5;14,1;14,4;29,3
"Oosterparkbuurt-Zuidoost";"Amsterdam                               ";"BU0363MC04";2010;49,3;41,8;;47,4;20,1;10,1;19,2
"Transvaalbuurt";"Amsterdam                               ";"WK0363MD  ";3640;40;33,8;34,6;54,3;14,6;12,1;25
"Transvaalbuurt-West";"Amsterdam                               ";"BU0363MD01";1650;38,8;33,2;;56;13,4;12,1;26,3
"Transvaalbuurt-Oost";"Amsterdam                               ";"BU0363MD02";1990;41;34,3;35,7;52,8;15,6;12,2;24
"Dapperbuurt";"Amsterdam                               ";"WK0363ME  ";4390;43,3;37,2;36,1;55;15,6;11,5;23,9
"Dapperbuurt-Noord";"Amsterdam                               ";"BU0363ME01";1950;40,1;34,5;;56,2;13,6;11,3;24,5
"Dapperbuurt-Zuid";"Amsterdam                               ";"BU0363ME02";1580;40,7;35,8;;58,7;13;13;24,9
"Oostpoort";"Amsterdam                               ";"BU0363ME03";820;;;;43,3;26,5;8,7;20,2
"Indische Buurt-West";"Amsterdam                               ";"WK0363MF  ";5060;40,4;34,4;34,5;52,9;13,6;12,6;24,2
"Timorpleinbuurt-Noord";"Amsterdam                               ";"BU0363MF01";1980;45,5;38,8;;50,8;15,4;11,4;20,2
"Timorpleinbuurt-Zuid";"Amsterdam                               ";"BU0363MF02";1970;40,9;35,3;34,6;52,7;13,5;12,3;22,7
"Ambonpleinbuurt";"Amsterdam                               ";"BU0363MF03";1130;34,5;28,8;;55,7;11,6;14,4;30,5
"Indische Buurt-Oost";"Amsterdam                               ";"WK0363MG  ";3450;36,4;30,5;32,7;55,9;12,6;13,3;28,1
"Makassarpleinbuurt";"Amsterdam                               ";"BU0363MG01";1790;34,3;29,2;31;60,8;10,5;14,3;31,4
"Zeeburgerdijk-Oost";"Amsterdam                               ";"BU0363MG02";;;;;29,2;30,1;6,3;9,3
"Sumatraplantsoenbuurt";"Amsterdam                               ";"BU0363MG03";1390;37,2;30,4;;50,7;14,1;12,5;25
"Flevopark";"Amsterdam                               ";"BU0363MG04";;;;;;;;
"Zeeburgereiland/Bovendiep";"Amsterdam                               ";"WK0363MH  ";2450;46,7;38,3;34,6;54,6;16,5;10,3;16,3
"Sluisbuurt";"Amsterdam                               ";"BU0363MH01";;;;;;;;
"Sportheldenbuurt";"Amsterdam                               ";"BU0363MH02";2120;53,2;42,3;;42;21,1;7,1;12,9
"Oostpunt Zeeburgereiland";"Amsterdam                               ";"BU0363MH03";;;;;;;;
"Baaibuurt-West";"Amsterdam                               ";"BU0363MH04";;;;;92,2;1,6;;
"Baaibuurt-Oost";"Amsterdam                               ";"BU0363MH05";;;;;98,4;0,4;33,5;39,4
"Bovendiep/Diemerpark";"Amsterdam                               ";"BU0363MH06";;;;;;;;
"IJburg-West";"Amsterdam                               ";"WK0363MJ  ";6780;54,5;42,4;46,5;30;33,4;5,6;11
"Steigereiland-Zuid";"Amsterdam                               ";"BU0363MJ01";940;;41,3;;29,1;39,9;5,9;11,4
"Steigereiland-Noord";"Amsterdam                               ";"BU0363MJ02";1160;;;;31,8;25,5;4,3;8,1
"Rieteilanden-West";"Amsterdam                               ";"BU0363MJ03";1330;;51,9;;15,1;54,2;4,3;5,5
"Joris Ivenspleinbuurt";"Amsterdam                               ";"BU0363MJ04";1060;;40,4;;38,1;23,9;5,7;13
"Ed Pelsterparkbuurt";"Amsterdam                               ";"BU0363MJ05";2220;49,8;38;;30,8;31,6;6,6;13,2
"IJburg-Oost";"Amsterdam                               ";"WK0363MK  ";;;;;31,6;32,8;4,9;14,2
"Buiteneiland";"Amsterdam                               ";"BU0363MK01";;;;;;;;
"Pampusbuurt-West";"Amsterdam                               ";"BU0363MK02";;;;;;;;
"Pampusbuurt-Oost";"Amsterdam                               ";"BU0363MK03";;;;;;;;
"Centrumeiland";"Amsterdam                               ";"BU0363MK04";;;;;31,6;32,8;4,9;14,2
"Muidenbuurt-West";"Amsterdam                               ";"BU0363MK05";;;;;;;;
"IJburg-Zuid";"Amsterdam                               ";"WK0363ML  ";3190;54,5;39,2;46,6;30,3;35,7;7;13,5
"Havenkwartier IJburg";"Amsterdam                               ";"BU0363ML01";760;;;;39,6;16,7;7,2;17,2
"Theo van Goghparkbuurt";"Amsterdam                               ";"BU0363ML02";2270;56,6;39,8;;27,7;41;7,1;12,6
"Rieteiland-Oost";"Amsterdam                               ";"BU0363ML03";;;;;;;;
"Frankendael";"Amsterdam                               ";"WK0363MM  ";5330;45,9;38,9;36,3;56,6;16,5;8,7;18,5
"Van der Kunbuurt";"Amsterdam                               ";"BU0363MM01";;;;;58,1;6,2;12,2;27,2
"De Eenhoorn";"Amsterdam                               ";"BU0363MM02";1260;;;;71,9;9,4;8,5;15,8
"Don Bosco";"Amsterdam                               ";"BU0363MM03";1000;;;;39;28,9;5,4;11,3
"Julianapark";"Amsterdam                               ";"BU0363MM04";970;;;;24,2;23,8;3;7
"Frankendael";"Amsterdam                               ";"BU0363MM05";;;;;;;;
"Tuindorp Amstelstation";"Amsterdam                               ";"BU0363MM06";170;;;;76,7;4,6;14,6;39,7
"De Wetbuurt";"Amsterdam                               ";"BU0363MM07";690;;;;46,6;23,1;7,2;18,4
"Tuindorp Frankendael";"Amsterdam                               ";"BU0363MM08";1050;;38,6;;62,3;15,6;11,7;22,1
"Middenmeer";"Amsterdam                               ";"WK0363MN  ";7870;52,4;43,1;41,1;44,8;26,4;5,5;10,5
"Linnaeusparkbuurt";"Amsterdam                               ";"BU0363MN01";1400;;51;;34,2;33,6;5;9,4
"Middenmeer-Noord";"Amsterdam                               ";"BU0363MN02";1440;;46,6;;33,7;35,6;3,6;9,1
"Middenmeer-Zuid";"Amsterdam                               ";"BU0363MN03";2640;53;42,1;;36,1;29,8;5;9,3
"Science Park-Noord";"Amsterdam                               ";"BU0363MN04";1420;;;;68;13,4;4,9;7,1
"Science Park-Zuid";"Amsterdam                               ";"BU0363MN05";;;;;93,9;1,1;18,4;33,9
"Sportpark Middenmeer-Zuid";"Amsterdam                               ";"BU0363MN06";;;;;42,2;20;5;12,8
"Sportpark Middenmeer-Noord";"Amsterdam                               ";"BU0363MN07";;;;;95,9;0,4;21,3;31,4
"Park de Meer";"Amsterdam                               ";"BU0363MN08";660;;;;29,1;33,1;4,5;11
"Sportpark Voorland";"Amsterdam                               ";"BU0363MN09";;;;;;;;
"Betondorp";"Amsterdam                               ";"WK0363MP  ";930;34,6;29,6;;62,9;8,1;12,1;29,3
"Drieburg";"Amsterdam                               ";"BU0363MP01";;;;;;;;
"Nieuwe Oosterbegraafplaats";"Amsterdam                               ";"BU0363MP02";;;;;;;;
"Betondorp";"Amsterdam                               ";"BU0363MP03";;34,5;29,6;;63;8;12,1;29,4
"Omval/Overamstel";"Amsterdam                               ";"WK0363MQ  ";3690;64,5;56,8;45,7;45,5;23,2;5,2;7,1
"De Omval";"Amsterdam                               ";"BU0363MQ01";;;;;20,2;38,8;2,5;2,3
"Overamstel";"Amsterdam                               ";"BU0363MQ02";;;;;;;;
"Amstelglorie";"Amsterdam                               ";"BU0363MQ03";;;;;;;;
"Amstelkwartier-West";"Amsterdam                               ";"BU0363MQ04";;;;;68;11,5;9,3;12,4
"Amstelkwartier-Noord";"Amsterdam                               ";"BU0363MQ05";1880;;58,7;;44,8;22,9;5;7,7
"Amstelkwartier-Zuid";"Amsterdam                               ";"BU0363MQ06";;;;;;;;
"Weespertrekvaart";"Amsterdam                               ";"BU0363MQ07";;;;;38,1;27,9;4;4,5
"Oostzanerwerf";"Amsterdam                               ";"WK0363NA  ";2030;37,1;29,6;35,2;42,4;18,6;8,3;17,1
"Noorder IJplas";"Amsterdam                               ";"BU0363NA01";;;;;;;;
"Melkweg/Oostzanerwerf";"Amsterdam                               ";"BU0363NA02";;;;;;;;
"Walvisbuurt";"Amsterdam                               ";"BU0363NA03";330;;;;28,9;26;3,6;7,6
"Twiske-West";"Amsterdam                               ";"BU0363NA04";790;;34,3;;28,1;33,3;5;9,7
"Oostzanerdijk";"Amsterdam                               ";"BU0363NA05";;;;;31,4;34,6;6,8;9,5
"Circus/Kermisbuurt";"Amsterdam                               ";"BU0363NA06";370;;;;41,2;14,2;7,7;13,1
"Molenwijk";"Amsterdam                               ";"BU0363NA07";400;;21,1;;60,5;5;13,1;29,3
"Noordelijke IJ-oevers-West";"Amsterdam                               ";"WK0363NB  ";6170;55,2;48,3;42;44,9;22,1;8;11
"Cornelis Douwesterrein-West";"Amsterdam                               ";"BU0363NB01";;;;;;;;
"Cornelis Douwesterrein-Oost";"Amsterdam                               ";"BU0363NB02";;;;;;;;
"NDSM terrein";"Amsterdam                               ";"BU0363NB03";2340;45;42,4;;58;8,2;8,9;10,7
"Buiksloterham-Zuid";"Amsterdam                               ";"BU0363NB04";;;;;45,8;21,3;12,6;21,6
"Buiksloterham-Noord";"Amsterdam                               ";"BU0363NB05";920;;;;31,9;39,5;7,2;7,9
"Klaprozenbuurt";"Amsterdam                               ";"BU0363NB06";;;;;;;;
"Overhoeks";"Amsterdam                               ";"BU0363NB07";1920;66,8;59,4;;32,2;34,5;5,3;8
"Tuindorp Oostzaan";"Amsterdam                               ";"WK0363NC  ";3410;35,9;28,3;32,8;50;15,4;9,1;21,3
"Tuindorp Oostzaan-West";"Amsterdam                               ";"BU0363NC01";160;;;;54;8,8;7,8;22
"Tuindorp Oostzaan-Oost";"Amsterdam                               ";"BU0363NC02";840;33,6;27,3;;50,7;12,1;9,1;21,2
"Terrasdorp";"Amsterdam                               ";"BU0363NC03";1210;32,8;27,3;;59,5;8,9;11,3;26,6
"De Bongerd";"Amsterdam                               ";"BU0363NC04";1060;;32,3;;23,2;41,9;4,6;8,9
"Kadoelen";"Amsterdam                               ";"WK0363ND  ";1080;46,5;35,3;;28,4;34,7;4,4;9
"Twiske-Oost";"Amsterdam                               ";"BU0363ND01";190;;;;36;23,6;3,2;9,9
"Kadoelen";"Amsterdam                               ";"BU0363ND02";880;;;;24,8;40,1;5;8,6
"Banne Buiksloot";"Amsterdam                               ";"WK0363NE  ";3120;33,1;25,9;31,6;51,4;13,2;10,5;23
"Banne-Noordwest";"Amsterdam                               ";"BU0363NE01";340;;21,8;;60,7;7,9;12,9;27,9
"Banne-Noordoost";"Amsterdam                               ";"BU0363NE02";580;30,3;23,7;;48,2;11,8;10,4;22,7
"Banne-Zuidwest";"Amsterdam                               ";"BU0363NE03";830;29,7;22,8;;52,7;12,3;11,6;25,8
"Banne-Zuidoost";"Amsterdam                               ";"BU0363NE04";1080;39,5;31;;50,2;15,2;9;20,1
"Buiksloterbreek";"Amsterdam                               ";"BU0363NE05";;;;;15,5;47,3;4;4,8
"Marjoleinterrein";"Amsterdam                               ";"BU0363NE06";;;;;41,3;24,5;6,7;12,7
"Nieuwendammerdijk/Buiksloterdijk";"Amsterdam                               ";"WK0363NF  ";840;;;;15,3;50,4;3,3;3,6
"Buiksloterdijk-West";"Amsterdam                               ";"BU0363NF01";;;;;;;;
"Buiksloterdijk-Oost";"Amsterdam                               ";"BU0363NF02";;;;;;;;
"Nieuwendammerdijk-West";"Amsterdam                               ";"BU0363NF03";540;;;;16,8;46,9;4;3,5
"Nieuwendammerdijk-Oost";"Amsterdam                               ";"BU0363NF04";;;;;12,9;57,3;1,6;4,1
"Nieuwendammerdijk-Zuid";"Amsterdam                               ";"BU0363NF05";;;;;;;;
"Elzenhagen";"Amsterdam                               ";"WK0363NG  ";2030;42,8;33,9;32,8;59,5;18,4;10,6;19,5
"Elzenhagen-Noord";"Amsterdam                               ";"BU0363NG01";1500;49;36,5;;42,9;29,6;5,8;10,2
"Elzenhagen-Zuid";"Amsterdam                               ";"BU0363NG02";450;;;;83,1;2,5;17,6;33,1
"Nintemanterrein";"Amsterdam                               ";"BU0363NG03";;;;;;;;
"Buikslotermeer";"Amsterdam                               ";"WK0363NH  ";3230;33;27,4;30,5;57,3;8,4;9,8;22,2
"Buikslotermeer-Noord";"Amsterdam                               ";"BU0363NH01";570;;;;61,7;8,7;7,5;16,4
"De Kleine Wereld";"Amsterdam                               ";"BU0363NH02";330;;21,2;;58,9;5,5;12,1;28,7
"Loenermark";"Amsterdam                               ";"BU0363NH03";950;;;;55,1;9,4;7,1;16,7
"Buikslotermeerplein";"Amsterdam                               ";"BU0363NH04";330;;;;66,6;6;10,3;28,8
"Plan van Gool";"Amsterdam                               ";"BU0363NH05";850;;25,5;;51;9,3;12;23,7
"Rode Kruisbuurt";"Amsterdam                               ";"BU0363NH06";;;;;;;;
"Waterlandpleinbuurt";"Amsterdam                               ";"WK0363NJ  ";3110;33,7;25,5;32,2;49,3;12,4;10,5;20,2
"Markengouw-Noord";"Amsterdam                               ";"BU0363NJ01";;;;;47,1;9,5;4,5;6,6
"Markengouw-Midden";"Amsterdam                               ";"BU0363NJ02";750;32,8;23,8;;43,4;15,6;10,3;18,6
"Markengouw-Zuid";"Amsterdam                               ";"BU0363NJ03";400;;;;46,5;15,7;11,8;21,3
"Werengouw-Noord";"Amsterdam                               ";"BU0363NJ04";;;;;36,1;14,8;5,8;8,6
"Werengouw-Midden";"Amsterdam                               ";"BU0363NJ05";1240;32,3;25,8;30;56,7;7,6;11,2;23,3
"Werengouw-Zuid";"Amsterdam                               ";"BU0363NJ06";360;;;;44,2;20,4;12,7;22,9
"Volewijck";"Amsterdam                               ";"WK0363NK  ";2330;32,2;25,9;29,5;61,3;9;14,4;30,4
"Bloemenbuurt-Noord";"Amsterdam                               ";"BU0363NK01";520;;;;54,3;11,5;9,3;23,4
"Bloemenbuurt-Zuid";"Amsterdam                               ";"BU0363NK02";620;;;;64,2;9,6;14,3;33,5
"Van der Pekbuurt";"Amsterdam                               ";"BU0363NK03";1240;31,3;25,4;;63,5;7,5;17;32,4
"IJplein/Vogelbuurt";"Amsterdam                               ";"WK0363NL  ";2610;33,4;27,5;30,8;58,9;9,9;14,3;28,2
"Vogelbuurt-Noord";"Amsterdam                               ";"BU0363NL01";;;;;58,5;8,9;13,5;26,4
"Vliegenbos";"Amsterdam                               ";"BU0363NL02";;;;;;;;
"Vogelbuurt-Zuid";"Amsterdam                               ";"BU0363NL03";1420;32,1;26,3;;58,7;10,5;13,9;28,7
"IJplein e.o.";"Amsterdam                               ";"BU0363NL04";700;;;;61,5;7,6;15,5;29,3
"Tuindorp Buiksloot";"Amsterdam                               ";"WK0363NM  ";550;;;;55,4;12,4;9,7;25,2
"Blauwe Zand";"Amsterdam                               ";"BU0363NM01";550;;;;55,4;12,4;9,7;25,2
"Tuindorp Nieuwendam";"Amsterdam                               ";"WK0363NN  ";890;34,7;28,3;;58,5;10,4;8,5;22,5
"Tuindorp Nieuwendam-West";"Amsterdam                               ";"BU0363NN01";220;;;;56,1;10,8;6,2;19,1
"Tuindorp Nieuwendam-Oost";"Amsterdam                               ";"BU0363NN02";660;;;;59,5;10,3;9,5;24
"Noordelijke IJ-oevers-Oost";"Amsterdam                               ";"WK0363NP  ";;;;;73,5;8;25,1;26,5
"Hamerstraatkwartier-West";"Amsterdam                               ";"BU0363NP01";;;;;73,1;8,2;24;25,5
"Hamerstraatkwartier-Oost";"Amsterdam                               ";"BU0363NP02";;;;;;;;
"Bedrijventerrein Nieuwendammerdijk";"Amsterdam                               ";"BU0363NP03";;;;;;;;
"Waterland";"Amsterdam                               ";"WK0363NQ  ";890;;;;26,7;39,2;6,3;8,6
"Noorderstrook-West";"Amsterdam                               ";"BU0363NQ01";;;;;;;;
"Noorderstrook-Oost";"Amsterdam                               ";"BU0363NQ02";;;;;;;;
"Zunderdorp";"Amsterdam                               ";"BU0363NQ03";150;;;;31,2;35,1;7,1;11,7
"Schellingwoude-West";"Amsterdam                               ";"BU0363NQ04";;;;;;;;
"Schellingwoude-Oost";"Amsterdam                               ";"BU0363NQ05";270;;;;22,7;44,6;4;5,6
"Schellingwoude-Noord";"Amsterdam                               ";"BU0363NQ06";;;;;;;;
"Zwarte Gouw";"Amsterdam                               ";"BU0363NQ07";;;;;;;;
"Holysloot";"Amsterdam                               ";"BU0363NQ08";;;;;19,8;39,6;2,9;3,9
"Ransdorp";"Amsterdam                               ";"BU0363NQ09";;;;;20,5;40,9;3,8;6,9
"Durgerdam";"Amsterdam                               ";"BU0363NQ10";220;;;;20,6;42,6;2,5;3
"Driemond";"Amsterdam                               ";"WK0363SA  ";400;;;;29,6;27,2;4,4;9,1
"Landelijk gebied Driemond";"Amsterdam                               ";"BU0363SA01";;;;;;;;
"Dorp Driemond";"Amsterdam                               ";"BU0363SA02";350;;;;31,1;25;4,5;9,5
"Bloemendalerpolder";"Amsterdam                               ";"WK0363SB  ";2710;75,1;48,9;;6;70,4;0,5;0,7
"Weespersluis-Noord";"Amsterdam                               ";"BU0363SB01";;;;;;;;
"Waterrijk";"Amsterdam                               ";"BU0363SB02";;;;;;;;
"Lanenrijk";"Amsterdam                               ";"BU0363SB03";1410;;;;5,7;74,2;0,4;0,7
"Vechtrijk";"Amsterdam                               ";"BU0363SB04";;;;;;;;
"Leeuwenveld";"Amsterdam                               ";"BU0363SB05";760;;;;7,5;64,6;0,8;0,8
"Bedrijventerrein Nijverheidslaan";"Amsterdam                               ";"BU0363SB06";;;;;;;;
"Weesp-Noordwest";"Amsterdam                               ";"WK0363SC  ";2000;39,1;31,8;35,7;45;14,8;6,9;14,8
"Bedrijventerrein-Noord Weesp";"Amsterdam                               ";"BU0363SC01";;;;;;;;
"Hogewey-Noord";"Amsterdam                               ";"BU0363SC02";370;;;;28,1;26,2;3,6;5,4
"Hogewey-Midden";"Amsterdam                               ";"BU0363SC03";420;;;;44,8;12,8;5,1;12,6
"Hogewey-Zuid";"Amsterdam                               ";"BU0363SC04";360;;;;48,3;17,4;7,7;19
"Weesp Dichtersbuurt";"Amsterdam                               ";"BU0363SC05";650;;;;44,1;10,7;6,7;13
"Weesp Schildersbuurt";"Amsterdam                               ";"BU0363SC06";180;;;;57;12,1;12;23,7
"Weesp Binnenstad/Zuid";"Amsterdam                               ";"WK0363SD  ";2050;46,8;39;42,3;42,2;24;6,7;13,1
"Herensingelkwartier";"Amsterdam                               ";"BU0363SD01";380;;;;39,7;24,8;6,2;10,2
"Bedrijventerrein Van Houten";"Amsterdam                               ";"BU0363SD02";320;;;;51,1;27,7;24,7;21,6
"Weesp Centrum";"Amsterdam                               ";"BU0363SD03";880;;;;39,7;23,4;4,7;11,4
"Weesp-Zuid I";"Amsterdam                               ";"BU0363SD04";120;;;;67,9;10,4;4,9;24,5
"Weesp-Zuid II";"Amsterdam                               ";"BU0363SD05";130;;;;47,3;20,4;7,9;15,6
"De Klomp";"Amsterdam                               ";"BU0363SD06";250;;;;12,2;42,9;1,2;2
"Aetsveld/Oostelijke Vechtoever";"Amsterdam                               ";"WK0363SE  ";1190;44,2;37,2;;27;30,4;2,9;7,1
"Aetsveldsepolder";"Amsterdam                               ";"BU0363SE01";140;;;;18,6;51,5;4,2;4,7
"Aetsveld-Zuid";"Amsterdam                               ";"BU0363SE02";440;;;;28,3;25,4;1,9;6,7
"Aetsveld-Noord";"Amsterdam                               ";"BU0363SE03";430;;;;28,2;26,2;3,6;8,8
"Oostelijke Vechtoever";"Amsterdam                               ";"BU0363SE04";200;;;;26;42,3;3,2;5,5
"Amstel III/Bullewijk";"Amsterdam                               ";"WK0363TA  ";;37,3;35,1;;71,2;2,9;5,2;7,5
"Hoofdcentrum-Zuidoost";"Amsterdam                               ";"BU0363TA01";;;;;;;;
"Amstel III deel C/D-Noord";"Amsterdam                               ";"BU0363TA02";;;;;;;;
"Amstel III deel A/B-Noord";"Amsterdam                               ";"BU0363TA03";;;;;51,6;3,5;2,1;2,1
"Amstel III deel C/D-Zuid";"Amsterdam                               ";"BU0363TA04";;;;;;;;
"Amstel III deel A/B-Zuid";"Amsterdam                               ";"BU0363TA05";;;;;74,4;2,6;4,3;6,6
"AMC";"Amsterdam                               ";"BU0363TA06";;;;;;;;
"Hoge Dijk";"Amsterdam                               ";"BU0363TA07";;;;;;;;
"Venserpolder";"Amsterdam                               ";"WK0363TB  ";2310;31,9;26,7;28,6;63,3;5,5;14,2;26,2
"Venserpolder-West";"Amsterdam                               ";"BU0363TB01";1380;31,6;26,3;28,3;64,6;4,8;14,4;27,6
"Venserpolder-Oost";"Amsterdam                               ";"BU0363TB02";880;32,5;27,2;;61,5;6,6;13,9;24,1
"Amsterdamse Poort e.o.";"Amsterdam                               ";"WK0363TC  ";2490;31,2;26,3;27,2;68,6;8,6;10,8;20,2
"D-buurt";"Amsterdam                               ";"BU0363TC01";;;;;93;0,8;12;25,7
"F-buurt";"Amsterdam                               ";"BU0363TC02";1020;36,6;30;;53,3;13,2;8,1;12,7
"Amsterdamse Poort";"Amsterdam                               ";"BU0363TC03";;;;;78,2;2,2;20,4;41,8
"Vogeltjeswei";"Amsterdam                               ";"BU0363TC04";150;;;;40,3;27;8;17,1
"Nelson Mandelapark";"Amsterdam                               ";"BU0363TC05";;;;;;;;
"H-buurt";"Amsterdam                               ";"WK0363TD  ";1640;26,5;21,5;25,7;68,6;5,3;16,7;30,6
"Hoptille";"Amsterdam                               ";"BU0363TD01";530;;;;78;2,4;16,9;28,7
"Rechte H-buurt";"Amsterdam                               ";"BU0363TD02";630;;21,6;;66,1;5,9;16,6;31,1
"Hakfort/Huigenbos";"Amsterdam                               ";"BU0363TD03";;;;;66,7;5;17,4;33,3
"Huntum";"Amsterdam                               ";"BU0363TD04";;;;;;;;
"Ganzenhoef e.o.";"Amsterdam                               ";"WK0363TE  ";1590;34;27,4;30,5;55;13,8;11,9;20,8
"E-buurt";"Amsterdam                               ";"BU0363TE01";540;;;;42,1;30;6,3;9,1
"G-buurt-West";"Amsterdam                               ";"BU0363TE02";860;35,3;29,4;;51,4;12,5;8,5;16,1
"G-buurt-Noord";"Amsterdam                               ";"BU0363TE03";;;;;72,5;3;21,9;37,9
"Geerdinkhof/Kantershof";"Amsterdam                               ";"WK0363TF  ";2020;36,9;31,4;33,3;51;13,9;8,1;18,7
"G-buurt-Oost";"Amsterdam                               ";"BU0363TF01";1070;39,7;35,6;;51,3;12,9;6,3;15,8
"Grunder/Koningshoef";"Amsterdam                               ";"BU0363TF02";430;;;;40,4;19,5;6,3;12,8
"Kantershof";"Amsterdam                               ";"BU0363TF03";510;;;;57,1;11,9;11,8;27
"Bijlmermuseum";"Amsterdam                               ";"WK0363TG  ";1260;27,9;22,5;26,8;67,7;4,7;14,3;30,8
"Bijlmermuseum-Noord";"Amsterdam                               ";"BU0363TG01";;;;;71,8;3,4;15;38
"Bijlmermuseum-Zuid";"Amsterdam                               ";"BU0363TG02";790;;23,5;;63,6;6,3;13,2;26,7
"De Kameleon e.o.";"Amsterdam                               ";"BU0363TG03";280;;;;69;4,1;14,9;28,2
"K-buurt";"Amsterdam                               ";"WK0363TH  ";1380;33,6;26,3;30,5;54,5;13,2;12,5;23,8
"Gooise Kant";"Amsterdam                               ";"BU0363TH01";;;;;23,1;35,1;2,8;4
"Kortvoort";"Amsterdam                               ";"BU0363TH02";330;;24,4;;68,1;4,3;16,8;33,9
"Kelbergen";"Amsterdam                               ";"BU0363TH03";;;;;54,1;11;12,2;21
"K-buurt-Zuidwest";"Amsterdam                               ";"BU0363TH04";250;;;;43,1;20,9;9,1;17,1
"K-buurt-Zuidoost";"Amsterdam                               ";"BU0363TH05";360;;;;41;23,1;7,7;11,8
"Holendrecht";"Amsterdam                               ";"WK0363TJ  ";1680;29,6;23,8;29,5;56,4;8,8;11;27
"Holendrecht-West";"Amsterdam                               ";"BU0363TJ01";160;;18,9;;69,7;3,9;13,9;40,8
"Holendrecht-Oost";"Amsterdam                               ";"BU0363TJ02";700;;;;36;17,3;4,3;9,4
"Holendrecht-Zuid";"Amsterdam                               ";"BU0363TJ03";760;28,7;22,9;;59;7,3;12,9;27,8
"Nellestein";"Amsterdam                               ";"WK0363TK  ";1080;40,4;34,1;;48;9,4;7,1;13,7
"L-buurt";"Amsterdam                               ";"BU0363TK01";;40,4;34,1;;48;9,3;7,1;13,8
"Gaasperpark";"Amsterdam                               ";"BU0363TK02";;;;;;;;
"Gaasperplas";"Amsterdam                               ";"BU0363TK03";;;;;;;;
"Reigersbos";"Amsterdam                               ";"WK0363TL  ";1830;33,2;27,5;30,9;54,1;9,3;9,6;20,6
"Reigersbos 1";"Amsterdam                               ";"BU0363TL01";410;;;;54,4;8,2;11,2;22,2
"Reigersbos 2";"Amsterdam                               ";"BU0363TL02";400;;;;62,9;4,2;10;23,7
"Reigersbos 3";"Amsterdam                               ";"BU0363TL03";400;;;;57;9,1;9,9;22,3
"Reigersbos 4";"Amsterdam                               ";"BU0363TL04";680;;;;43,8;14,6;7,6;15
"Gein";"Amsterdam                               ";"WK0363TM  ";2750;34,6;28,7;32,8;47,1;13;8,7;18,2
"Gein 1";"Amsterdam                               ";"BU0363TM01";540;;25;;63,5;6,3;13,6;29,4
"Gein 2";"Amsterdam                               ";"BU0363TM02";440;;;;60,7;6,5;11;25
"Gein 3";"Amsterdam                               ";"BU0363TM03";960;40,2;34,2;;21,7;26,6;2,5;3,5
"Gein 4";"Amsterdam                               ";"BU0363TM04";770;34,7;28,5;;45,4;11,5;8,1;16,4
