"ID";"DistrictsAndNeighbourhoods";"MunicipalityName";"Encoding";"supermarkets_within_1km";"food_shops_within_1km";"cafes_within_1km";"cafeterias_within_1km";"restaurants_within_1km";"distance_to_primary_school";"distance_to_secondary_school";"DistanceToTrainStationAllTypes"
"921";"GM0363    ";"Amsterdam                               ";"GM0363    ";"     5.6";"    32.0";"    19.1";"    28.0";"    52.8";"     0.5";"     0.9";"     2.5"
"922";"WK036300  ";"Amsterdam                               ";"WK036300  ";"    11.7";"   147.0";"   204.0";"   234.5";"   331.3";"     0.5";"     1.3";"     0.7"
"923";"BU03630000";"Amsterdam                               ";"BU03630000";"    10.6";"   140.7";"   181.2";"   202.7";"   295.7";"     0.4";"     1.1";"     0.4"
"924";"BU03630001";"Amsterdam                               ";"BU03630001";"    11.0";"   154.4";"   202.7";"   242.5";"   330.2";"     0.5";"     1.3";"     0.7"
"925";"BU03630002";"Amsterdam                               ";"BU03630002";"    12.0";"   143.8";"   204.7";"   243.3";"   330.4";"     0.4";"     1.4";"     0.8"
"926";"BU03630003";"Amsterdam                               ";"BU03630003";"    13.3";"   160.8";"   228.4";"   261.1";"   375.3";"     0.8";"     1.4";"     1.0"
"927";"BU03630004";"Amsterdam                               ";"BU03630004";"    12.9";"   149.7";"   228.0";"   242.7";"   370.2";"     0.7";"     1.5";"     1.1"
"928";"WK036301  ";"Amsterdam                               ";"WK036301  ";"     9.7";"   162.7";"   183.7";"   229.4";"   323.9";"     0.8";"     0.9";"     0.9"
"929";"BU03630100";"Amsterdam                               ";"BU03630100";"       .";"       .";"       .";"       .";"       .";"       .";"       .";"       ."
"930";"BU03630101";"Amsterdam                               ";"BU03630101";"     8.1";"   159.0";"   166.5";"   207.8";"   306.1";"     0.6";"     0.6";"     0.5"
"931";"BU03630102";"Amsterdam                               ";"BU03630102";"     7.8";"   147.0";"   174.8";"   208.2";"   290.3";"     0.8";"     0.9";"     0.5"
"932";"BU03630103";"Amsterdam                               ";"BU03630103";"     9.4";"   173.1";"   172.3";"   230.2";"   326.3";"     0.6";"     0.9";"     0.8"
"933";"BU03630104";"Amsterdam                               ";"BU03630104";"     9.2";"   162.7";"   188.2";"   235.7";"   321.9";"     1.0";"     1.1";"     0.8"
"934";"BU03630105";"Amsterdam                               ";"BU03630105";"    11.3";"   178.0";"   201.3";"   252.5";"   355.1";"     0.8";"     1.0";"     1.2"
"935";"BU03630106";"Amsterdam                               ";"BU03630106";"    11.8";"   163.9";"   212.1";"   255.3";"   359.7";"     1.0";"     1.2";"     1.1"
"936";"BU03630107";"Amsterdam                               ";"BU03630107";"    10.9";"   127.7";"   168.6";"   194.4";"   285.4";"     0.9";"     1.2";"     1.4"
"937";"WK036302  ";"Amsterdam                               ";"WK036302  ";"     9.8";"   152.7";"   134.4";"   177.4";"   287.5";"     0.4";"     0.6";"     1.2"
"938";"BU03630200";"Amsterdam                               ";"BU03630200";"     8.3";"   147.6";"   112.5";"   152.0";"   253.2";"     0.3";"     0.5";"     0.9"
"939";"BU03630201";"Amsterdam                               ";"BU03630201";"    10.5";"   166.4";"   130.3";"   178.2";"   275.4";"     0.4";"     0.7";"     1.1"
"940";"BU03630202";"Amsterdam                               ";"BU03630202";"    10.6";"   155.4";"   155.2";"   204.1";"   319.2";"     0.5";"     0.8";"     1.4"
"941";"BU03630203";"Amsterdam                               ";"BU03630203";"     9.8";"   122.2";"   143.0";"   164.4";"   318.0";"     0.6";"     0.5";"     1.8"
"942";"WK036303  ";"Amsterdam                               ";"WK036303  ";"    11.2";"    97.0";"   125.3";"   127.4";"   273.9";"     0.5";"     0.9";"     2.0"
"943";"BU03630300";"Amsterdam                               ";"BU03630300";"    10.9";"    93.7";"   132.6";"   121.7";"   302.8";"     0.6";"     0.6";"     2.1"
"944";"BU03630301";"Amsterdam                               ";"BU03630301";"    10.7";"   122.2";"   168.0";"   163.7";"   337.8";"     0.5";"     0.9";"     1.7"
"945";"BU03630302";"Amsterdam                               ";"BU03630302";"    10.8";"   104.3";"   137.6";"   138.7";"   316.1";"     0.3";"     0.7";"     2.0"
"946";"BU03630303";"Amsterdam                               ";"BU03630303";"    11.5";"    75.4";"    91.4";"    96.8";"   205.7";"     0.5";"     1.2";"     2.1"
"947";"BU03630304";"Amsterdam                               ";"BU03630304";"    11.1";"    99.9";"   123.6";"   129.4";"   237.2";"     0.7";"     1.4";"     1.7"
"948";"BU03630305";"Amsterdam                               ";"BU03630305";"    13.4";"   132.8";"   166.1";"   179.3";"   294.3";"     0.7";"     1.1";"     1.6"
"949";"BU03630306";"Amsterdam                               ";"BU03630306";"    10.8";"   106.0";"   135.6";"   140.6";"   304.7";"     0.8";"     0.6";"     1.9"
"950";"WK036304  ";"Amsterdam                               ";"WK036304  ";"     9.2";"    70.9";"   124.2";"   118.8";"   193.0";"     0.4";"     1.6";"     1.1"
"951";"BU03630400";"Amsterdam                               ";"BU03630400";"     5.3";"    49.3";"    93.5";"    84.1";"   138.6";"     0.8";"     1.5";"     0.8"
"952";"BU03630401";"Amsterdam                               ";"BU03630401";"     8.9";"    68.3";"   123.1";"   115.4";"   179.1";"     0.5";"     1.5";"     0.8"
"953";"BU03630402";"Amsterdam                               ";"BU03630402";"     6.2";"    39.0";"    63.6";"    54.6";"   114.6";"     0.4";"     1.8";"     1.2"
"954";"BU03630403";"Amsterdam                               ";"BU03630403";"    10.7";"    88.9";"   144.7";"   144.4";"   219.5";"     0.2";"     1.4";"     0.8"
"955";"BU03630404";"Amsterdam                               ";"BU03630404";"    11.1";"    92.9";"   168.3";"   169.0";"   248.7";"     0.3";"     1.6";"     1.0"
"956";"BU03630405";"Amsterdam                               ";"BU03630405";"     9.0";"    54.1";"   114.4";"    91.6";"   161.4";"     0.3";"     1.8";"     1.3"
"957";"BU03630406";"Amsterdam                               ";"BU03630406";"     4.8";"    19.6";"    28.6";"    35.7";"    60.0";"     0.2";"     1.6";"     1.6"
"958";"BU03630407";"Amsterdam                               ";"BU03630407";"    12.6";"   121.1";"   202.5";"   198.7";"   321.4";"     0.5";"     1.6";"     1.2"
"959";"BU03630408";"Amsterdam                               ";"BU03630408";"     9.9";"    67.1";"   116.4";"   105.7";"   197.3";"     0.4";"     1.7";"     1.6"
"960";"WK036305  ";"Amsterdam                               ";"WK036305  ";"     6.4";"    79.3";"    48.9";"    57.0";"   120.5";"     0.5";"     0.6";"     1.2"
"961";"BU03630500";"Amsterdam                               ";"BU03630500";"     2.8";"    46.9";"    27.7";"    30.8";"    53.8";"     0.9";"     0.7";"     1.1"
"962";"BU03630501";"Amsterdam                               ";"BU03630501";"     8.2";"   144.8";"   115.7";"   144.8";"   259.8";"     0.4";"     0.2";"     0.7"
"963";"BU03630502";"Amsterdam                               ";"BU03630502";"     8.8";"    93.1";"    57.1";"    61.0";"   152.2";"     0.6";"     0.4";"     1.2"
"964";"BU03630503";"Amsterdam                               ";"BU03630503";"     5.5";"    57.3";"    25.2";"    29.3";"    70.4";"     0.3";"     0.8";"     1.5"
"965";"BU03630505";"Amsterdam                               ";"BU03630505";"     6.6";"    55.2";"    19.6";"    27.9";"    69.3";"     0.5";"     0.9";"     1.7"
"966";"BU03630506";"Amsterdam                               ";"BU03630506";"     9.9";"    92.0";"    49.6";"    56.3";"   145.4";"     0.5";"     0.7";"     1.5"
"967";"WK036306  ";"Amsterdam                               ";"WK036306  ";"    11.5";"   110.9";"    85.1";"    98.9";"   207.0";"     0.4";"     0.6";"     1.7"
"968";"BU03630600";"Amsterdam                               ";"BU03630600";"     8.9";"    99.0";"    61.6";"    62.1";"   157.2";"     0.6";"     0.6";"     1.4"
"969";"BU03630602";"Amsterdam                               ";"BU03630602";"    12.7";"   114.8";"    85.8";"   111.0";"   203.2";"     0.4";"     0.8";"     1.7"
"970";"BU03630603";"Amsterdam                               ";"BU03630603";"    10.2";"    97.3";"    56.0";"    59.3";"   155.1";"     0.6";"     0.6";"     1.7"
"971";"BU03630604";"Amsterdam                               ";"BU03630604";"    10.8";"    95.0";"    64.8";"    69.4";"   165.7";"     0.3";"     0.5";"     2.0"
"972";"BU03630605";"Amsterdam                               ";"BU03630605";"    13.0";"    98.1";"    77.5";"    84.2";"   193.1";"     0.2";"     0.7";"     2.1"
"973";"BU03630606";"Amsterdam                               ";"BU03630606";"    13.6";"   117.0";"   112.1";"   135.0";"   261.4";"     0.3";"     0.6";"     1.8"
"974";"BU03630607";"Amsterdam                               ";"BU03630607";"    13.0";"   113.9";"   113.9";"   125.3";"   292.1";"     0.5";"     0.2";"     2.0"
"975";"BU03630608";"Amsterdam                               ";"BU03630608";"    13.1";"   101.5";"    89.6";"    92.0";"   210.9";"     0.4";"     0.6";"     2.1"
"976";"BU03630609";"Amsterdam                               ";"BU03630609";"    13.8";"   104.9";"   100.9";"   110.3";"   287.9";"     0.4";"     0.2";"     2.2"
"977";"BU03630610";"Amsterdam                               ";"BU03630610";"     9.8";"   115.1";"    73.4";"    81.7";"   175.4";"     0.4";"     0.5";"     1.4"
"978";"BU03630611";"Amsterdam                               ";"BU03630611";"    10.5";"   119.7";"    83.8";"   100.0";"   195.0";"     0.2";"     0.6";"     1.5"
"979";"WK036307  ";"Amsterdam                               ";"WK036307  ";"    12.4";"    89.2";"    96.5";"   105.2";"   254.4";"     0.4";"     0.7";"     2.3"
"980";"BU03630700";"Amsterdam                               ";"BU03630700";"    12.9";"    94.6";"    94.5";"   103.2";"   268.9";"     0.7";"     0.3";"     2.2"
"981";"BU03630701";"Amsterdam                               ";"BU03630701";"    12.4";"    91.6";"    88.9";"    95.3";"   257.4";"     0.5";"     0.3";"     2.2"
"982";"BU03630702";"Amsterdam                               ";"BU03630702";"     9.7";"    78.4";"    90.6";"    92.8";"   252.6";"     0.6";"     0.3";"     2.3"
"983";"BU03630703";"Amsterdam                               ";"BU03630703";"     9.7";"    77.2";"    80.6";"    90.9";"   245.4";"     0.6";"     0.2";"     2.5"
"984";"BU03630704";"Amsterdam                               ";"BU03630704";"    11.9";"   102.1";"   117.3";"   127.4";"   305.2";"     0.3";"     0.6";"     2.2"
"985";"BU03630705";"Amsterdam                               ";"BU03630705";"    13.5";"   103.4";"    87.8";"   110.9";"   257.2";"     0.5";"     0.7";"     2.5"
"986";"BU03630706";"Amsterdam                               ";"BU03630706";"    13.5";"    68.4";"    91.4";"    87.6";"   198.6";"     0.3";"     1.2";"     2.3"
"987";"BU03630707";"Amsterdam                               ";"BU03630707";"    14.7";"    78.4";"    71.4";"    82.7";"   188.9";"     0.4";"     1.0";"     2.5"
"988";"WK036308  ";"Amsterdam                               ";"WK036308  ";"     7.6";"    26.2";"    34.2";"    40.9";"    80.7";"     0.4";"     1.0";"     1.8"
"989";"BU03630800";"Amsterdam                               ";"BU03630800";"     8.1";"    33.1";"    51.5";"    53.3";"   105.6";"     0.4";"     1.1";"     2.0"
"990";"BU03630801";"Amsterdam                               ";"BU03630801";"     7.8";"    25.9";"    25.3";"    38.7";"    75.8";"     0.4";"     0.7";"     1.8"
"991";"BU03630803";"Amsterdam                               ";"BU03630803";"     6.1";"    15.7";"    17.9";"    25.2";"    48.9";"     0.5";"     1.0";"     1.7"
"992";"BU03630804";"Amsterdam                               ";"BU03630804";"     8.6";"    23.0";"    21.5";"    27.2";"    56.3";"     0.9";"     0.5";"     1.3"
"993";"WK036309  ";"Amsterdam                               ";"WK036309  ";"     5.4";"    13.0";"    10.5";"    12.6";"    28.5";"     0.6";"     1.5";"     1.6"
"994";"BU03630900";"Amsterdam                               ";"BU03630900";"     0.9";"     1.7";"     3.3";"     5.2";"    12.8";"     0.7";"     2.6";"     2.1"
"995";"BU03630901";"Amsterdam                               ";"BU03630901";"     1.8";"     4.6";"     4.8";"     5.5";"    21.0";"     0.9";"     2.2";"     1.9"
"996";"BU03630902";"Amsterdam                               ";"BU03630902";"     3.8";"     5.6";"     4.6";"     5.0";"    17.9";"     0.2";"     1.8";"     1.9"
"997";"BU03630903";"Amsterdam                               ";"BU03630903";"     5.0";"    11.4";"    10.8";"    11.2";"    24.7";"     0.6";"     1.4";"     1.4"
"998";"BU03630904";"Amsterdam                               ";"BU03630904";"     6.2";"    15.2";"    11.3";"    15.0";"    28.1";"     0.3";"     1.4";"     1.4"
"999";"BU03630905";"Amsterdam                               ";"BU03630905";"     9.6";"    30.6";"    18.5";"    24.2";"    41.2";"     0.6";"     1.3";"     1.3"
"1000";"BU03630907";"Amsterdam                               ";"BU03630907";"    11.4";"    34.7";"    19.1";"    29.6";"    51.7";"     0.7";"     0.8";"     1.1"
"1001";"BU03630908";"Amsterdam                               ";"BU03630908";"     4.8";"     8.8";"    11.6";"    11.5";"    32.0";"     0.8";"     1.4";"     1.6"
"1002";"WK036310  ";"Amsterdam                               ";"WK036310  ";"     0.1";"     0.1";"     0.4";"     0.8";"     1.3";"     2.6";"     2.7";"     3.2"
"1003";"BU03631000";"Amsterdam                               ";"BU03631000";"     0.4";"     0.1";"     0.9";"     1.4";"     4.4";"     1.0";"     0.9";"     3.5"
"1004";"BU03631001";"Amsterdam                               ";"BU03631001";"       .";"       .";"       .";"       .";"       .";"       .";"       .";"       ."
"1005";"BU03631002";"Amsterdam                               ";"BU03631002";"       .";"       .";"       .";"       .";"       .";"       .";"       .";"       ."
"1006";"BU03631003";"Amsterdam                               ";"BU03631003";"     0.0";"     0.0";"     0.2";"     0.7";"     0.0";"     2.9";"     2.6";"     2.4"
"1007";"BU03631004";"Amsterdam                               ";"BU03631004";"       .";"       .";"       .";"       .";"       .";"       .";"       .";"       ."
"1008";"BU03631005";"Amsterdam                               ";"BU03631005";"     0.0";"     0.0";"     0.0";"     0.1";"     0.0";"     5.3";"     5.9";"     6.3"
"1009";"BU03631006";"Amsterdam                               ";"BU03631006";"       .";"       .";"       .";"       .";"       .";"       .";"       .";"       ."
"1010";"BU03631007";"Amsterdam                               ";"BU03631007";"     0.2";"     0.5";"     0.8";"     0.7";"     1.1";"     1.6";"     1.4";"     1.4"
"1011";"WK036311  ";"Amsterdam                               ";"WK036311  ";"     0.9";"     2.6";"     0.0";"     5.7";"     5.6";"     1.7";"     1.0";"     1.0"
"1012";"BU03631100";"Amsterdam                               ";"BU03631100";"     1.0";"     3.3";"     0.5";"     4.5";"     6.0";"     2.1";"     1.2";"     0.5"
"1013";"BU03631102";"Amsterdam                               ";"BU03631102";"       .";"       .";"       .";"       .";"       .";"       .";"       .";"       ."
"1014";"BU03631103";"Amsterdam                               ";"BU03631103";"     0.0";"     0.0";"     0.0";"     1.8";"     0.3";"     2.6";"     3.7";"     4.3"
"1015";"BU03631104";"Amsterdam                               ";"BU03631104";"     0.0";"     0.0";"     0.0";"     0.0";"     0.0";"     3.3";"     5.3";"     4.0"
"1016";"BU03631105";"Amsterdam                               ";"BU03631105";"     1.0";"     3.0";"     0.0";"     6.5";"     6.5";"     1.6";"     0.5";"     0.5"
"1017";"BU03631107";"Amsterdam                               ";"BU03631107";"       .";"       .";"       .";"       .";"       .";"       .";"       .";"       ."
"1018";"BU03631109";"Amsterdam                               ";"BU03631109";"       .";"       .";"       .";"       .";"       .";"       .";"       .";"       ."
"1019";"WK036312  ";"Amsterdam                               ";"WK036312  ";"     1.3";"     6.6";"     4.0";"     6.9";"    16.0";"     0.4";"     0.9";"     2.7"
"1020";"BU03631200";"Amsterdam                               ";"BU03631200";"     1.5";"     7.1";"     3.8";"     7.0";"    16.8";"     0.4";"     0.8";"     3.0"
"1021";"BU03631201";"Amsterdam                               ";"BU03631201";"     0.4";"     5.2";"     4.5";"     6.7";"    13.3";"     0.5";"     1.3";"     1.8"
"1022";"WK036313  ";"Amsterdam                               ";"WK036313  ";"     3.5";"    19.5";"     8.0";"    16.5";"    34.2";"     0.4";"     0.8";"     2.3"
"1023";"BU03631300";"Amsterdam                               ";"BU03631300";"     4.3";"    27.7";"    10.3";"    21.5";"    39.4";"     0.2";"     1.2";"     1.8"
"1024";"BU03631301";"Amsterdam                               ";"BU03631301";"     3.2";"    16.9";"     8.4";"    15.5";"    32.8";"     0.3";"     0.9";"     2.2"
"1025";"BU03631302";"Amsterdam                               ";"BU03631302";"     6.5";"    42.9";"    15.1";"    27.5";"    61.9";"     0.2";"     1.1";"     2.0"
"1026";"BU03631303";"Amsterdam                               ";"BU03631303";"     3.7";"    19.2";"     7.5";"    17.0";"    34.2";"     0.3";"     0.8";"     2.3"
"1027";"BU03631304";"Amsterdam                               ";"BU03631304";"     2.0";"    10.1";"     4.9";"    12.0";"    24.9";"     0.5";"     0.6";"     2.5"
"1028";"BU03631305";"Amsterdam                               ";"BU03631305";"     2.0";"     9.1";"     4.1";"     9.8";"    22.8";"     0.7";"     0.4";"     2.7"
"1029";"BU03631306";"Amsterdam                               ";"BU03631306";"       .";"       .";"       .";"       .";"       .";"       .";"       .";"       ."
"1030";"BU03631307";"Amsterdam                               ";"BU03631307";"       .";"       .";"       .";"       .";"       .";"       .";"       .";"       ."
"1031";"WK036314  ";"Amsterdam                               ";"WK036314  ";"     4.2";"    37.1";"    20.9";"    22.7";"    62.8";"     0.3";"     0.8";"     2.3"
"1032";"BU03631400";"Amsterdam                               ";"BU03631400";"     7.6";"    75.4";"    33.7";"    43.5";"   113.5";"     0.4";"     0.8";"     1.9"
"1033";"BU03631401";"Amsterdam                               ";"BU03631401";"     5.6";"    57.7";"    27.9";"    36.3";"    97.2";"     0.4";"     0.8";"     2.1"
"1034";"BU03631402";"Amsterdam                               ";"BU03631402";"     5.6";"    53.3";"    21.6";"    31.4";"    80.1";"     0.2";"     1.0";"     2.0"
"1035";"BU03631403";"Amsterdam                               ";"BU03631403";"     3.2";"    27.9";"    16.0";"    20.0";"    53.1";"     0.2";"     1.0";"     2.3"
"1036";"BU03631404";"Amsterdam                               ";"BU03631404";"     2.7";"    22.6";"    16.5";"    15.4";"    42.9";"     0.3";"     0.8";"     2.6"
"1037";"BU03631405";"Amsterdam                               ";"BU03631405";"     4.4";"    32.4";"    22.7";"    16.3";"    53.8";"     0.5";"     0.6";"     2.5"
"1038";"WK036315  ";"Amsterdam                               ";"WK036315  ";"     3.2";"    20.3";"    15.5";"    17.7";"    34.6";"     0.7";"     0.7";"     2.8"
"1039";"BU03631500";"Amsterdam                               ";"BU03631500";"     1.7";"    18.3";"    12.0";"    13.4";"    33.3";"     0.6";"     1.1";"     2.7"
"1040";"BU03631501";"Amsterdam                               ";"BU03631501";"     5.5";"    35.0";"    26.7";"    31.5";"    53.8";"     0.5";"     0.4";"     2.7"
"1041";"BU03631502";"Amsterdam                               ";"BU03631502";"     0.3";"     6.6";"     4.1";"     4.9";"     9.4";"     1.1";"     1.4";"     3.0"
"1042";"BU03631503";"Amsterdam                               ";"BU03631503";"     5.1";"    23.4";"    20.3";"    23.6";"    37.5";"     0.7";"     0.3";"     2.8"
"1043";"WK036316  ";"Amsterdam                               ";"WK036316  ";"     9.0";"    70.0";"    50.3";"    52.0";"   121.6";"     0.4";"     0.4";"     2.3"
"1044";"BU03631600";"Amsterdam                               ";"BU03631600";"     8.5";"    67.4";"    47.6";"    43.6";"   116.9";"     0.6";"     0.3";"     2.2"
"1045";"BU03631601";"Amsterdam                               ";"BU03631601";"    10.1";"    78.6";"    56.5";"    64.6";"   137.0";"     0.3";"     0.5";"     2.3"
"1046";"BU03631602";"Amsterdam                               ";"BU03631602";"     7.7";"    53.5";"    41.3";"    44.1";"    92.8";"     0.5";"     0.5";"     2.5"
"1047";"WK036317  ";"Amsterdam                               ";"WK036317  ";"    16.5";"   100.6";"    69.0";"    82.3";"   193.9";"     0.3";"     0.8";"     2.4"
"1048";"BU03631700";"Amsterdam                               ";"BU03631700";"    16.5";"   100.6";"    69.0";"    82.3";"   193.9";"     0.3";"     0.8";"     2.4"
"1049";"WK036318  ";"Amsterdam                               ";"WK036318  ";"    14.6";"    82.6";"    51.0";"    70.2";"   155.8";"     0.3";"     1.1";"     2.8"
"1050";"BU03631800";"Amsterdam                               ";"BU03631800";"    14.8";"    83.8";"    56.5";"    77.7";"   158.0";"     0.4";"     1.1";"     2.8"
"1051";"BU03631801";"Amsterdam                               ";"BU03631801";"    14.5";"    81.7";"    47.3";"    65.0";"   154.3";"     0.3";"     1.1";"     2.8"
"1052";"WK036319  ";"Amsterdam                               ";"WK036319  ";"    14.2";"    83.2";"    54.7";"    67.9";"   179.1";"     0.3";"     0.9";"     2.6"
"1053";"BU03631900";"Amsterdam                               ";"BU03631900";"    17.1";"   101.0";"    80.3";"    90.2";"   244.2";"     0.3";"     0.5";"     2.5"
"1054";"BU03631901";"Amsterdam                               ";"BU03631901";"    14.4";"    81.5";"    42.7";"    62.6";"   166.4";"     0.3";"     0.9";"     2.8"
"1055";"BU03631902";"Amsterdam                               ";"BU03631902";"    10.2";"    64.7";"    42.5";"    49.6";"   120.9";"     0.3";"     1.3";"     2.5"
"1056";"WK036320  ";"Amsterdam                               ";"WK036320  ";"    12.0";"    69.9";"    52.1";"    63.7";"   192.5";"     0.5";"     0.5";"     2.6"
"1057";"BU03632000";"Amsterdam                               ";"BU03632000";"    12.6";"    84.8";"    83.0";"    88.5";"   259.5";"     0.5";"     0.4";"     2.6"
"1058";"BU03632001";"Amsterdam                               ";"BU03632001";"    11.5";"    61.0";"    38.5";"    52.5";"   165.3";"     0.7";"     0.4";"     2.8"
"1059";"BU03632002";"Amsterdam                               ";"BU03632002";"    11.7";"    62.5";"    31.7";"    47.8";"   145.9";"     0.4";"     0.8";"     2.5"
"1060";"WK036321  ";"Amsterdam                               ";"WK036321  ";"     8.5";"    43.4";"    27.2";"    28.9";"   100.3";"     0.3";"     1.2";"     2.0"
"1061";"BU03632100";"Amsterdam                               ";"BU03632100";"     9.0";"    45.8";"    28.1";"    31.8";"   103.0";"     0.2";"     1.1";"     2.1"
"1062";"BU03632101";"Amsterdam                               ";"BU03632101";"     7.4";"    37.2";"    24.7";"    21.4";"    93.4";"     0.5";"     1.3";"     1.9"
"1063";"WK036322  ";"Amsterdam                               ";"WK036322  ";"     9.4";"    54.0";"    49.3";"    53.1";"   183.9";"     0.6";"     0.5";"     2.7"
"1064";"BU03632200";"Amsterdam                               ";"BU03632200";"     9.9";"    61.8";"    70.6";"    71.9";"   232.7";"     0.6";"     0.5";"     2.8"
"1065";"BU03632201";"Amsterdam                               ";"BU03632201";"     9.0";"    46.8";"    29.6";"    35.6";"   138.6";"     0.7";"     0.6";"     2.7"
"1066";"WK036323  ";"Amsterdam                               ";"WK036323  ";"     2.5";"     6.9";"     1.2";"    16.8";"    20.3";"     0.7";"     1.1";"     0.9"
"1067";"BU03632300";"Amsterdam                               ";"BU03632300";"     1.4";"     7.7";"     2.5";"    12.7";"    16.6";"     0.3";"     0.2";"     1.0"
"1068";"BU03632301";"Amsterdam                               ";"BU03632301";"       .";"       .";"       .";"       .";"       .";"       .";"       .";"       ."
"1069";"BU03632302";"Amsterdam                               ";"BU03632302";"     1.4";"     2.0";"     0.2";"     7.7";"     7.7";"     1.3";"     1.2";"     1.8"
"1070";"BU03632303";"Amsterdam                               ";"BU03632303";"     3.0";"     9.3";"     1.4";"    23.1";"    25.5";"     0.9";"     1.0";"     0.9"
"1071";"BU03632304";"Amsterdam                               ";"BU03632304";"     1.7";"     1.2";"     0.0";"     4.7";"    11.2";"     0.1";"     1.6";"     0.7"
"1072";"WK036324  ";"Amsterdam                               ";"WK036324  ";"    14.2";"    94.5";"    57.6";"    99.5";"   207.7";"     0.4";"     0.5";"     2.2"
"1073";"BU03632400";"Amsterdam                               ";"BU03632400";"    14.6";"    84.0";"    50.4";"    84.1";"   174.4";"     0.3";"     0.6";"     2.0"
"1074";"BU03632401";"Amsterdam                               ";"BU03632401";"    15.7";"    99.7";"    62.0";"   103.8";"   213.4";"     0.6";"     0.7";"     2.4"
"1075";"BU03632402";"Amsterdam                               ";"BU03632402";"    12.8";"    97.5";"    65.4";"   108.8";"   238.5";"     0.6";"     0.5";"     2.4"
"1076";"BU03632403";"Amsterdam                               ";"BU03632403";"    11.9";"    88.8";"    49.8";"    95.4";"   193.9";"     0.4";"     0.3";"     2.1"
"1077";"BU03632404";"Amsterdam                               ";"BU03632404";"    15.5";"    99.4";"    59.7";"   103.2";"   213.7";"     0.3";"     0.5";"     2.2"
"1078";"WK036325  ";"Amsterdam                               ";"WK036325  ";"    12.9";"    83.5";"    44.5";"    78.4";"   166.0";"     0.4";"     0.3";"     1.8"
"1079";"BU03632500";"Amsterdam                               ";"BU03632500";"    13.5";"    56.3";"    38.5";"    55.8";"   123.2";"     0.4";"     0.3";"     1.7"
"1080";"BU03632501";"Amsterdam                               ";"BU03632501";"    14.6";"    84.8";"    48.8";"    77.2";"   162.4";"     0.2";"     0.3";"     2.0"
"1081";"BU03632502";"Amsterdam                               ";"BU03632502";"    13.5";"   108.1";"    52.5";"   100.0";"   207.9";"     0.3";"     0.2";"     1.8"
"1082";"BU03632503";"Amsterdam                               ";"BU03632503";"    10.0";"    86.2";"    38.8";"    82.5";"   174.2";"     0.5";"     0.2";"     1.8"
"1083";"WK036326  ";"Amsterdam                               ";"WK036326  ";"    12.1";"    64.7";"    32.0";"    48.4";"   104.7";"     0.5";"     0.4";"     1.6"
"1084";"BU03632600";"Amsterdam                               ";"BU03632600";"     9.8";"    43.8";"    24.4";"    35.3";"    78.2";"     0.7";"     0.5";"     1.3"
"1085";"BU03632601";"Amsterdam                               ";"BU03632601";"    13.0";"    67.6";"    33.9";"    48.7";"   106.3";"     0.4";"     0.3";"     1.7"
"1086";"BU03632602";"Amsterdam                               ";"BU03632602";"    14.1";"    89.6";"    40.0";"    66.0";"   138.9";"     0.3";"     0.3";"     1.8"
"1087";"WK036327  ";"Amsterdam                               ";"WK036327  ";"     7.0";"    30.6";"    20.3";"    36.1";"    73.4";"     0.4";"     0.5";"     1.3"
"1088";"BU03632700";"Amsterdam                               ";"BU03632700";"    10.9";"    41.3";"    31.7";"    47.3";"    98.9";"     0.4";"     0.5";"     1.6"
"1089";"BU03632701";"Amsterdam                               ";"BU03632701";"     5.0";"    24.7";"    14.1";"    30.8";"    60.3";"     0.4";"     0.5";"     1.1"
"1090";"BU03632702";"Amsterdam                               ";"BU03632702";"     5.2";"    27.2";"    16.6";"    27.5";"    60.7";"     0.5";"     0.3";"     1.2"
"1091";"WK036328  ";"Amsterdam                               ";"WK036328  ";"     9.7";"    42.6";"    21.0";"    36.8";"    72.7";"     0.3";"     0.4";"     1.2"
"1092";"BU03632800";"Amsterdam                               ";"BU03632800";"     7.9";"    29.0";"    21.4";"    34.1";"    68.9";"     0.3";"     0.4";"     1.5"
"1093";"BU03632801";"Amsterdam                               ";"BU03632801";"     9.7";"    35.9";"    24.5";"    35.9";"    73.7";"     0.6";"     0.1";"     1.3"
"1094";"BU03632802";"Amsterdam                               ";"BU03632802";"    13.1";"    61.9";"    22.0";"    43.9";"    80.4";"     0.2";"     0.5";"     0.8"
"1095";"BU03632803";"Amsterdam                               ";"BU03632803";"     7.7";"    35.7";"    19.3";"    31.6";"    68.0";"     0.4";"     0.2";"     1.2"
"1096";"WK036329  ";"Amsterdam                               ";"WK036329  ";"    13.9";"    60.5";"    22.6";"    40.7";"    70.2";"     0.3";"     0.4";"     0.6"
"1097";"BU03632900";"Amsterdam                               ";"BU03632900";"    14.2";"    54.9";"    25.8";"    40.7";"    67.9";"     0.5";"     0.6";"     0.7"
"1098";"BU03632901";"Amsterdam                               ";"BU03632901";"    16.2";"    74.4";"    25.9";"    47.9";"    82.7";"     0.2";"     0.3";"     0.4"
"1099";"BU03632902";"Amsterdam                               ";"BU03632902";"     9.2";"    47.0";"    10.2";"    27.8";"    52.2";"     0.3";"     0.3";"     0.6"
"1100";"WK036330  ";"Amsterdam                               ";"WK036330  ";"     9.0";"    43.6";"    13.3";"    28.9";"    55.9";"     0.3";"     0.6";"     1.0"
"1101";"BU03633000";"Amsterdam                               ";"BU03633000";"     6.9";"    33.8";"    11.5";"    27.4";"    48.0";"     0.3";"     0.7";"     1.0"
"1102";"BU03633001";"Amsterdam                               ";"BU03633001";"    10.6";"    51.7";"    14.7";"    30.2";"    62.4";"     0.3";"     0.6";"     1.0"
"1103";"WK036331  ";"Amsterdam                               ";"WK036331  ";"    12.2";"    49.3";"    21.4";"    36.5";"    52.1";"     0.4";"     0.6";"     0.7"
"1104";"BU03633100";"Amsterdam                               ";"BU03633100";"    13.6";"    51.4";"    24.1";"    38.9";"    59.1";"     0.3";"     0.7";"     0.9"
"1105";"BU03633101";"Amsterdam                               ";"BU03633101";"    13.1";"    52.9";"    23.6";"    39.0";"    56.5";"     0.5";"     0.5";"     0.6"
"1106";"BU03633102";"Amsterdam                               ";"BU03633102";"    10.0";"    43.4";"    16.5";"    31.4";"    40.4";"     0.5";"     0.7";"     0.8"
"1107";"WK036332  ";"Amsterdam                               ";"WK036332  ";"     7.2";"    29.4";"    12.5";"    22.1";"    26.6";"     0.2";"     0.4";"     1.3"
"1108";"BU03633200";"Amsterdam                               ";"BU03633200";"     7.6";"    31.4";"    13.3";"    23.6";"    28.9";"     0.2";"     0.4";"     1.3"
"1109";"BU03633201";"Amsterdam                               ";"BU03633201";"     7.3";"    29.6";"    12.3";"    21.4";"    25.4";"     0.2";"     0.4";"     1.1"
"1110";"BU03633202";"Amsterdam                               ";"BU03633202";"     1.4";"     3.7";"     4.8";"     8.1";"     7.1";"     0.6";"     0.8";"     1.8"
"1111";"BU03633203";"Amsterdam                               ";"BU03633203";"     0.0";"     0.1";"     0.4";"     0.9";"     0.1";"     1.1";"     1.3";"     2.1"
"1112";"WK036333  ";"Amsterdam                               ";"WK036333  ";"     2.8";"     7.8";"     2.9";"     7.4";"    10.8";"     0.5";"     1.9";"     2.2"
"1113";"BU03633300";"Amsterdam                               ";"BU03633300";"     1.9";"     2.9";"     3.0";"     5.5";"     9.4";"     0.5";"     2.4";"     2.1"
"1114";"BU03633301";"Amsterdam                               ";"BU03633301";"     4.3";"    12.0";"     4.5";"    10.2";"    14.2";"     0.3";"     1.8";"     2.0"
"1115";"BU03633302";"Amsterdam                               ";"BU03633302";"     1.0";"     3.0";"     0.2";"     5.2";"     7.2";"     0.5";"     2.6";"     2.6"
"1116";"BU03633303";"Amsterdam                               ";"BU03633303";"     1.9";"     4.9";"     0.3";"     5.3";"     6.7";"     1.0";"     2.5";"     2.9"
"1117";"BU03633304";"Amsterdam                               ";"BU03633304";"     4.0";"     9.5";"     1.9";"     7.4";"    10.7";"     0.3";"     1.9";"     2.3"
"1118";"BU03633305";"Amsterdam                               ";"BU03633305";"     2.7";"     7.0";"     1.9";"     5.1";"     8.1";"     0.5";"     1.7";"     2.2"
"1119";"BU03633306";"Amsterdam                               ";"BU03633306";"     6.1";"    19.7";"    10.1";"    15.7";"    23.7";"     0.4";"     1.4";"     1.5"
"1120";"BU03633307";"Amsterdam                               ";"BU03633307";"     2.2";"     7.2";"     6.0";"     8.6";"    13.7";"     0.6";"     1.1";"     1.8"
"1121";"BU03633308";"Amsterdam                               ";"BU03633308";"     5.6";"    16.8";"     9.2";"    12.3";"    21.3";"     0.7";"     1.4";"     1.4"
"1122";"BU03633309";"Amsterdam                               ";"BU03633309";"     0.1";"     0.6";"     1.0";"     2.4";"     2.6";"     1.0";"     1.2";"     2.2"
"1123";"BU03633310";"Amsterdam                               ";"BU03633310";"     7.3";"    29.9";"    15.0";"    23.8";"    34.1";"     0.6";"     0.9";"     1.4"
"1124";"WK036334  ";"Amsterdam                               ";"WK036334  ";"     1.0";"     0.0";"     0.0";"     0.5";"     1.7";"     0.6";"     0.5";"     3.7"
"1125";"BU03633400";"Amsterdam                               ";"BU03633400";"     0.4";"     0.0";"     0.0";"     0.3";"     0.8";"     1.7";"     1.6";"     4.2"
"1126";"BU03633402";"Amsterdam                               ";"BU03633402";"     1.0";"     0.0";"     0.0";"     1.0";"     1.7";"     1.1";"     1.0";"     3.1"
"1127";"BU03633403";"Amsterdam                               ";"BU03633403";"     0.9";"     0.0";"     0.0";"     1.0";"     2.0";"     1.2";"     1.1";"     3.2"
"1128";"BU03633404";"Amsterdam                               ";"BU03633404";"     0.0";"     0.0";"     0.0";"     0.2";"     1.2";"     2.7";"     2.7";"     4.9"
"1129";"BU03633405";"Amsterdam                               ";"BU03633405";"     1.0";"     0.0";"     0.0";"     0.4";"     1.7";"     0.4";"     0.4";"     3.8"
"1130";"BU03633406";"Amsterdam                               ";"BU03633406";"       .";"       .";"       .";"       .";"       .";"       .";"       .";"       ."
"1131";"WK036335  ";"Amsterdam                               ";"WK036335  ";"     2.7";"     6.0";"     0.0";"     3.9";"    10.9";"     0.3";"     1.3";"     5.8"
"1132";"BU03633500";"Amsterdam                               ";"BU03633500";"     1.8";"     4.8";"     0.0";"     2.3";"     3.5";"     0.3";"     2.0";"     5.2"
"1133";"BU03633501";"Amsterdam                               ";"BU03633501";"     1.2";"     3.5";"     0.0";"     2.0";"     3.3";"     0.5";"     1.9";"     5.0"
"1134";"BU03633502";"Amsterdam                               ";"BU03633502";"     2.8";"     6.2";"     0.0";"     4.4";"    12.3";"     0.3";"     1.1";"     6.1"
"1135";"BU03633504";"Amsterdam                               ";"BU03633504";"     3.0";"     6.3";"     0.0";"     3.3";"    11.0";"     0.2";"     1.5";"     5.7"
"1136";"BU03633505";"Amsterdam                               ";"BU03633505";"     3.3";"     7.2";"     0.0";"     5.3";"    15.7";"     0.3";"     0.9";"     6.3"
"1137";"WK036336  ";"Amsterdam                               ";"WK036336  ";"     4.0";"    13.9";"     4.1";"    14.5";"    12.6";"     0.7";"     1.0";"     1.5"
"1138";"BU03633600";"Amsterdam                               ";"BU03633600";"     4.8";"    16.5";"     5.0";"    16.5";"    14.9";"     0.5";"     1.1";"     1.4"
"1139";"BU03633601";"Amsterdam                               ";"BU03633601";"     0.1";"     1.0";"     0.0";"     4.4";"     0.5";"     1.9";"     0.5";"     1.6"
"1140";"WK036337  ";"Amsterdam                               ";"WK036337  ";"     6.2";"    31.4";"    14.3";"    27.6";"    30.1";"     0.3";"     0.6";"     2.3"
"1141";"BU03633700";"Amsterdam                               ";"BU03633700";"     2.6";"    22.2";"     8.4";"    17.3";"    21.4";"     0.6";"     0.8";"     2.3"
"1142";"BU03633702";"Amsterdam                               ";"BU03633702";"     8.0";"    32.7";"     9.1";"    23.0";"    25.6";"     0.3";"     0.7";"     2.0"
"1143";"BU03633703";"Amsterdam                               ";"BU03633703";"     5.4";"    34.0";"    25.8";"    37.0";"    42.2";"     0.3";"     0.5";"     2.7"
"1144";"BU03633704";"Amsterdam                               ";"BU03633704";"     7.2";"    37.7";"    24.0";"    36.8";"    40.5";"     0.5";"     0.4";"     2.6"
"1145";"BU03633705";"Amsterdam                               ";"BU03633705";"     4.6";"    25.2";"     8.1";"    20.6";"    21.3";"     0.3";"     0.8";"     2.0"
"1146";"BU03633706";"Amsterdam                               ";"BU03633706";"     6.5";"    31.9";"    11.9";"    29.7";"    29.4";"     0.4";"     0.4";"     2.4"
"1147";"WK036338  ";"Amsterdam                               ";"WK036338  ";"     8.5";"    41.7";"    20.4";"    32.8";"    35.0";"     0.3";"     0.5";"     2.5"
"1148";"BU03633802";"Amsterdam                               ";"BU03633802";"     8.3";"    38.9";"    17.1";"    30.3";"    32.6";"     0.3";"     0.4";"     2.4"
"1149";"BU03633803";"Amsterdam                               ";"BU03633803";"     8.9";"    48.1";"    28.1";"    38.4";"    40.7";"     0.3";"     0.9";"     2.6"
"1150";"WK036339  ";"Amsterdam                               ";"WK036339  ";"     5.6";"    22.7";"     6.5";"    13.5";"    15.0";"     0.4";"     1.1";"     2.4"
"1151";"BU03633900";"Amsterdam                               ";"BU03633900";"     6.8";"    30.4";"    13.8";"    20.9";"    22.3";"     0.4";"     1.0";"     2.5"
"1152";"BU03633901";"Amsterdam                               ";"BU03633901";"     1.4";"     5.3";"     5.6";"     6.0";"     5.7";"     0.9";"     0.8";"     2.6"
"1153";"BU03633902";"Amsterdam                               ";"BU03633902";"     6.2";"    26.4";"     4.1";"    14.3";"    12.7";"     0.5";"     1.2";"     2.3"
"1154";"BU03633903";"Amsterdam                               ";"BU03633903";"     6.8";"    26.3";"     4.6";"    13.6";"    17.6";"     0.2";"     1.2";"     2.2"
"1155";"WK036340  ";"Amsterdam                               ";"WK036340  ";"     6.5";"    47.3";"    41.1";"    48.0";"    63.2";"     0.3";"     0.6";"     3.1"
"1156";"BU03634000";"Amsterdam                               ";"BU03634000";"     6.6";"    33.0";"    31.0";"    37.0";"    55.2";"     0.6";"     0.5";"     3.2"
"1157";"BU03634001";"Amsterdam                               ";"BU03634001";"     7.4";"    53.0";"    42.7";"    52.5";"    69.3";"     0.2";"     0.6";"     3.1"
"1158";"BU03634002";"Amsterdam                               ";"BU03634002";"     4.8";"    50.6";"    47.5";"    50.3";"    60.0";"     0.3";"     0.9";"     3.1"
"1159";"WK036341  ";"Amsterdam                               ";"WK036341  ";"     7.5";"    45.1";"    34.3";"    40.9";"    43.0";"     0.3";"     1.1";"     2.6"
"1160";"BU03634100";"Amsterdam                               ";"BU03634100";"     5.2";"    48.7";"    43.9";"    47.7";"    50.9";"     0.2";"     1.0";"     3.0"
"1161";"BU03634101";"Amsterdam                               ";"BU03634101";"     9.0";"    51.7";"    39.2";"    48.0";"    49.1";"     0.4";"     1.2";"     2.8"
"1162";"BU03634102";"Amsterdam                               ";"BU03634102";"     8.9";"    45.8";"    33.5";"    41.6";"    43.8";"     0.4";"     1.3";"     2.6"
"1163";"BU03634103";"Amsterdam                               ";"BU03634103";"     7.0";"    34.0";"    20.0";"    26.0";"    28.0";"     0.4";"     0.9";"     2.3"
"1164";"WK036342  ";"Amsterdam                               ";"WK036342  ";"     6.4";"    56.0";"    40.0";"    46.4";"    55.4";"     0.4";"     1.5";"     2.4"
"1165";"BU03634200";"Amsterdam                               ";"BU03634200";"     5.5";"    53.4";"    44.1";"    48.8";"    52.4";"     0.3";"     1.4";"     2.6"
"1166";"BU03634201";"Amsterdam                               ";"BU03634201";"     8.3";"    65.5";"    42.1";"    51.1";"    70.2";"     0.3";"     1.6";"     2.3"
"1167";"BU03634202";"Amsterdam                               ";"BU03634202";"     5.1";"    46.6";"    35.2";"    39.9";"    41.9";"     0.6";"     1.6";"     2.3"
"1168";"BU03634203";"Amsterdam                               ";"BU03634203";"     5.5";"    52.5";"    34.2";"    40.3";"    46.8";"     0.5";"     1.5";"     2.0"
"1169";"WK036343  ";"Amsterdam                               ";"WK036343  ";"     6.5";"    34.7";"    22.5";"    23.0";"    58.7";"     0.4";"     1.6";"     1.8"
"1170";"BU03634300";"Amsterdam                               ";"BU03634300";"     6.9";"    37.6";"    24.5";"    25.5";"    63.6";"     0.5";"     1.6";"     1.8"
"1171";"BU03634301";"Amsterdam                               ";"BU03634301";"     6.0";"    30.9";"    20.0";"    19.9";"    52.4";"     0.2";"     1.5";"     1.6"
"1172";"WK036344  ";"Amsterdam                               ";"WK036344  ";"     7.8";"    31.9";"    15.1";"    23.7";"    64.7";"     0.6";"     0.5";"     1.9"
"1173";"BU03634400";"Amsterdam                               ";"BU03634400";"     8.1";"    39.1";"    21.4";"    23.2";"    83.3";"     0.5";"     1.1";"     1.4"
"1174";"BU03634401";"Amsterdam                               ";"BU03634401";"     8.3";"    30.6";"    15.0";"    23.7";"    63.5";"     0.3";"     0.6";"     1.7"
"1175";"BU03634402";"Amsterdam                               ";"BU03634402";"     7.5";"    30.6";"    12.2";"    23.5";"    53.5";"     0.7";"     0.2";"     2.0"
"1176";"BU03634403";"Amsterdam                               ";"BU03634403";"     7.0";"    31.2";"    13.1";"    24.3";"    60.1";"     0.8";"     0.3";"     2.2"
"1177";"BU03634404";"Amsterdam                               ";"BU03634404";"     9.0";"    35.6";"    18.5";"    27.0";"    82.4";"     0.5";"     0.6";"     1.8"
"1178";"BU03634405";"Amsterdam                               ";"BU03634405";"     0.3";"     1.5";"     2.5";"     4.1";"     4.6";"     1.3";"     1.1";"     2.9"
"1179";"WK036345  ";"Amsterdam                               ";"WK036345  ";"     9.8";"    41.6";"    17.8";"    32.1";"    92.6";"     0.5";"     0.8";"     2.1"
"1180";"BU03634500";"Amsterdam                               ";"BU03634500";"     9.9";"    40.3";"    18.8";"    31.3";"    94.9";"     0.6";"     0.8";"     2.1"
"1181";"BU03634501";"Amsterdam                               ";"BU03634501";"     9.8";"    43.5";"    16.2";"    33.4";"    89.1";"     0.4";"     0.7";"     2.2"
"1182";"WK036346  ";"Amsterdam                               ";"WK036346  ";"     8.0";"    40.9";"    11.0";"    26.3";"    80.7";"     0.3";"     0.4";"     2.1"
"1183";"BU03634600";"Amsterdam                               ";"BU03634600";"     4.9";"    30.1";"     5.7";"    18.3";"    59.6";"     0.3";"     0.3";"     2.3"
"1184";"BU03634601";"Amsterdam                               ";"BU03634601";"     9.6";"    48.2";"    12.4";"    30.6";"    88.3";"     0.2";"     0.4";"     2.0"
"1185";"BU03634602";"Amsterdam                               ";"BU03634602";"     8.1";"    38.4";"    13.4";"    26.5";"    87.5";"     0.5";"     0.6";"     2.2"
"1186";"BU03634603";"Amsterdam                               ";"BU03634603";"       .";"       .";"       .";"       .";"       .";"       .";"       .";"       ."
"1187";"WK036347  ";"Amsterdam                               ";"WK036347  ";"     5.7";"    52.5";"    19.6";"    48.7";"   113.8";"     0.4";"     0.4";"     2.2"
"1188";"BU03634700";"Amsterdam                               ";"BU03634700";"     6.3";"    76.0";"    33.8";"    82.2";"   160.3";"     0.7";"     0.2";"     2.3"
"1189";"BU03634701";"Amsterdam                               ";"BU03634701";"     8.4";"    56.9";"    55.4";"    67.5";"   206.8";"     0.2";"     0.6";"     2.7"
"1190";"BU03634702";"Amsterdam                               ";"BU03634702";"     5.3";"    35.7";"     8.3";"    30.1";"    99.6";"     0.4";"     0.5";"     2.4"
"1191";"BU03634703";"Amsterdam                               ";"BU03634703";"     2.8";"    25.6";"     2.2";"    17.9";"    50.1";"     0.4";"     0.7";"     2.3"
"1192";"BU03634704";"Amsterdam                               ";"BU03634704";"     4.3";"    34.2";"     5.2";"    22.9";"    65.9";"     0.2";"     0.4";"     2.0"
"1193";"BU03634705";"Amsterdam                               ";"BU03634705";"     6.2";"    56.3";"    17.3";"    46.9";"   108.5";"     0.2";"     0.3";"     1.9"
"1194";"BU03634706";"Amsterdam                               ";"BU03634706";"     8.1";"    73.4";"    29.2";"    70.2";"   141.7";"     0.5";"     0.4";"     1.9"
"1195";"BU03634707";"Amsterdam                               ";"BU03634707";"       .";"       .";"       .";"       .";"       .";"       .";"       .";"       ."
"1196";"BU03634708";"Amsterdam                               ";"BU03634708";"       .";"       .";"       .";"       .";"       .";"       .";"       .";"       ."
"1197";"BU03634709";"Amsterdam                               ";"BU03634709";"     8.0";"    86.2";"    36.7";"    86.5";"   167.8";"     0.6";"     0.4";"     2.1"
"1198";"WK036348  ";"Amsterdam                               ";"WK036348  ";"     6.4";"    30.6";"     6.7";"    22.0";"    51.6";"     0.4";"     0.8";"     1.6"
"1199";"BU03634800";"Amsterdam                               ";"BU03634800";"     9.9";"    49.5";"    12.3";"    32.8";"    84.1";"     0.2";"     0.5";"     1.8"
"1200";"BU03634801";"Amsterdam                               ";"BU03634801";"     8.0";"    39.2";"     8.4";"    26.4";"    63.0";"     0.2";"     0.7";"     1.5"
"1201";"BU03634802";"Amsterdam                               ";"BU03634802";"     7.8";"    37.4";"     8.1";"    25.6";"    62.3";"     0.3";"     0.9";"     1.6"
"1202";"BU03634803";"Amsterdam                               ";"BU03634803";"     6.8";"    31.1";"     7.3";"    20.0";"    54.2";"     0.6";"     1.0";"     2.0"
"1203";"BU03634804";"Amsterdam                               ";"BU03634804";"     0.1";"     0.5";"     1.0";"     1.2";"     0.7";"     1.0";"     1.0";"     2.2"
"1204";"BU03634805";"Amsterdam                               ";"BU03634805";"     4.4";"    21.5";"     4.1";"    18.6";"    36.3";"     0.3";"     0.7";"     1.3"
"1205";"WK036349  ";"Amsterdam                               ";"WK036349  ";"     5.1";"    30.7";"     3.9";"    19.3";"    37.3";"     0.3";"     0.4";"     1.3"
"1206";"BU03634900";"Amsterdam                               ";"BU03634900";"     4.9";"    26.3";"     3.2";"    17.9";"    37.1";"     0.6";"     0.3";"     1.3"
"1207";"BU03634901";"Amsterdam                               ";"BU03634901";"     5.0";"    31.0";"     8.6";"    22.9";"    50.8";"     0.3";"     0.2";"     1.4"
"1208";"BU03634902";"Amsterdam                               ";"BU03634902";"     5.0";"    34.9";"     5.0";"    20.7";"    53.0";"     0.3";"     0.4";"     1.7"
"1209";"BU03634903";"Amsterdam                               ";"BU03634903";"     5.6";"    35.0";"     3.9";"    19.9";"    46.4";"     0.3";"     0.3";"     1.5"
"1210";"BU03634904";"Amsterdam                               ";"BU03634904";"     5.5";"    31.8";"     2.7";"    18.0";"    33.5";"     0.3";"     0.3";"     1.3"
"1211";"BU03634905";"Amsterdam                               ";"BU03634905";"     4.8";"    28.5";"     2.9";"    18.8";"    29.2";"     0.4";"     0.5";"     1.1"
"1212";"WK036350  ";"Amsterdam                               ";"WK036350  ";"       .";"       .";"       .";"       .";"       .";"       .";"       .";"       ."
"1213";"BU03635000";"Amsterdam                               ";"BU03635000";"       .";"       .";"       .";"       .";"       .";"       .";"       .";"       ."
"1214";"BU03635001";"Amsterdam                               ";"BU03635001";"       .";"       .";"       .";"       .";"       .";"       .";"       .";"       ."
"1215";"BU03635003";"Amsterdam                               ";"BU03635003";"       .";"       .";"       .";"       .";"       .";"       .";"       .";"       ."
"1216";"BU03635005";"Amsterdam                               ";"BU03635005";"       .";"       .";"       .";"       .";"       .";"       .";"       .";"       ."
"1217";"BU03635006";"Amsterdam                               ";"BU03635006";"       .";"       .";"       .";"       .";"       .";"       .";"       .";"       ."
"1218";"WK036351  ";"Amsterdam                               ";"WK036351  ";"     1.9";"     4.8";"     0.0";"     3.8";"    10.5";"     0.3";"     0.5";"     6.0"
"1219";"BU03635100";"Amsterdam                               ";"BU03635100";"     0.0";"     0.4";"     0.0";"     0.0";"     0.1";"     0.9";"     1.2";"     6.5"
"1220";"BU03635101";"Amsterdam                               ";"BU03635101";"     1.9";"     4.9";"     0.0";"     3.8";"     9.7";"     0.3";"     0.6";"     5.9"
"1221";"BU03635102";"Amsterdam                               ";"BU03635102";"     2.0";"     5.3";"     0.0";"     4.8";"    15.1";"     0.3";"     0.2";"     6.2"
"1222";"WK036352  ";"Amsterdam                               ";"WK036352  ";"     8.9";"    45.3";"    10.7";"    24.8";"    62.2";"     0.3";"     0.6";"     1.2"
"1223";"BU03635200";"Amsterdam                               ";"BU03635200";"     8.4";"    47.1";"    12.0";"    29.0";"    72.0";"     0.4";"     0.5";"     1.3"
"1224";"BU03635201";"Amsterdam                               ";"BU03635201";"     8.3";"    47.3";"    11.2";"    26.9";"    68.8";"     0.2";"     0.7";"     1.1"
"1225";"BU03635202";"Amsterdam                               ";"BU03635202";"    11.7";"    51.7";"    12.0";"    28.3";"    71.3";"     0.4";"     0.8";"     1.3"
"1226";"BU03635203";"Amsterdam                               ";"BU03635203";"    10.8";"    52.0";"    12.8";"    25.7";"    57.4";"     0.2";"     0.7";"     1.4"
"1227";"BU03635206";"Amsterdam                               ";"BU03635206";"     5.0";"    25.5";"     4.4";"    10.0";"    30.5";"     0.3";"     0.3";"     1.0"
"1228";"BU03635207";"Amsterdam                               ";"BU03635207";"     2.8";"    13.5";"     1.4";"     4.7";"    18.3";"     0.5";"     0.4";"     0.8"
"1229";"WK036353  ";"Amsterdam                               ";"WK036353  ";"    11.9";"    54.0";"    18.4";"    33.6";"    68.7";"     0.6";"     0.7";"     1.3"
"1230";"BU03635300";"Amsterdam                               ";"BU03635300";"    13.8";"    65.3";"    21.3";"    38.5";"    83.7";"     0.5";"     0.7";"     1.5"
"1231";"BU03635301";"Amsterdam                               ";"BU03635301";"    10.3";"    44.7";"    16.1";"    29.6";"    56.3";"     0.6";"     0.6";"     1.1"
"1232";"WK036354  ";"Amsterdam                               ";"WK036354  ";"     7.8";"    32.0";"     8.0";"    17.3";"    33.7";"     0.3";"     0.5";"     1.3"
"1233";"BU03635400";"Amsterdam                               ";"BU03635400";"     7.6";"    32.6";"    10.2";"    20.5";"    36.8";"     0.3";"     0.5";"     1.1"
"1234";"BU03635401";"Amsterdam                               ";"BU03635401";"     6.7";"    22.5";"     7.0";"    14.0";"    22.2";"     0.5";"     0.3";"     1.4"
"1235";"BU03635402";"Amsterdam                               ";"BU03635402";"     8.2";"    34.7";"     8.1";"    16.5";"    31.2";"     0.3";"     0.6";"     1.4"
"1236";"BU03635403";"Amsterdam                               ";"BU03635403";"     9.7";"    43.5";"     6.6";"    19.0";"    51.0";"     0.2";"     0.6";"     1.1"
"1237";"BU03635404";"Amsterdam                               ";"BU03635404";"     0.0";"     0.0";"     0.1";"     2.6";"     1.1";"     1.0";"     1.4";"     1.9"
"1238";"WK036355  ";"Amsterdam                               ";"WK036355  ";"     3.0";"    15.5";"     2.7";"    10.5";"    17.2";"     0.8";"     0.7";"     1.0"
"1239";"BU03635501";"Amsterdam                               ";"BU03635501";"     3.8";"    15.4";"     3.6";"    15.9";"    24.3";"     0.9";"     0.4";"     0.7"
"1240";"BU03635502";"Amsterdam                               ";"BU03635502";"     0.6";"     3.5";"     0.3";"     5.4";"     6.2";"     1.1";"     0.9";"     0.9"
"1241";"BU03635503";"Amsterdam                               ";"BU03635503";"     7.7";"    38.6";"     8.3";"    19.1";"    42.7";"     0.7";"     0.4";"     1.1"
"1242";"BU03635504";"Amsterdam                               ";"BU03635504";"       .";"       .";"       .";"       .";"       .";"       .";"       .";"       ."
"1243";"BU03635505";"Amsterdam                               ";"BU03635505";"     0.1";"     2.2";"     0.0";"     1.5";"     1.7";"     1.1";"     1.2";"     1.2"
"1244";"BU03635506";"Amsterdam                               ";"BU03635506";"     0.1";"     2.1";"     0.0";"     1.3";"     1.4";"     1.2";"     1.2";"     1.2"
"1245";"BU03635507";"Amsterdam                               ";"BU03635507";"     2.5";"    16.3";"     0.9";"     8.9";"     8.3";"     0.3";"     0.7";"     1.3"
"1246";"BU03635508";"Amsterdam                               ";"BU03635508";"     3.3";"    12.1";"     2.9";"    14.0";"    23.3";"     0.9";"     0.3";"     0.7"
"1247";"WK036356  ";"Amsterdam                               ";"WK036356  ";"     4.4";"    21.0";"     2.8";"    11.9";"    19.2";"     0.6";"     0.7";"     1.0"
"1248";"BU03635600";"Amsterdam                               ";"BU03635600";"     7.9";"    40.4";"     6.3";"    20.1";"    38.3";"     0.3";"     0.5";"     1.1"
"1249";"BU03635601";"Amsterdam                               ";"BU03635601";"     7.0";"    35.6";"     4.0";"    18.9";"    31.7";"     0.2";"     0.6";"     0.9"
"1250";"BU03635602";"Amsterdam                               ";"BU03635602";"     3.1";"    18.3";"     1.3";"    10.5";"    15.0";"     0.6";"     0.3";"     0.8"
"1251";"BU03635603";"Amsterdam                               ";"BU03635603";"     1.3";"    11.0";"     0.2";"     7.1";"     6.5";"     0.8";"     0.6";"     0.8"
"1252";"BU03635604";"Amsterdam                               ";"BU03635604";"     2.0";"    10.0";"     0.0";"     7.0";"     5.0";"     1.1";"     0.5";"     0.3"
"1253";"BU03635605";"Amsterdam                               ";"BU03635605";"     0.0";"     4.0";"     2.4";"     3.1";"     3.3";"     1.2";"     1.6";"     1.8"
"1254";"BU03635606";"Amsterdam                               ";"BU03635606";"       .";"       .";"       .";"       .";"       .";"       .";"       .";"       ."
"1255";"BU03635607";"Amsterdam                               ";"BU03635607";"     4.3";"     5.5";"     1.8";"     6.1";"     8.6";"     0.9";"     1.0";"     0.6"
"1256";"BU03635608";"Amsterdam                               ";"BU03635608";"     0.9";"     0.0";"     0.0";"     0.0";"     1.8";"     2.1";"     1.6";"     1.2"
"1257";"WK036357  ";"Amsterdam                               ";"WK036357  ";"     0.0";"     4.7";"     2.3";"     3.0";"     1.9";"     1.3";"     1.7";"     1.9"
"1258";"BU03635700";"Amsterdam                               ";"BU03635700";"     0.0";"     4.7";"     2.3";"     3.0";"     1.9";"     1.3";"     1.7";"     1.9"
"1259";"BU03635701";"Amsterdam                               ";"BU03635701";"       .";"       .";"       .";"       .";"       .";"       .";"       .";"       ."
"1260";"BU03635702";"Amsterdam                               ";"BU03635702";"       .";"       .";"       .";"       .";"       .";"       .";"       .";"       ."
"1261";"WK036358  ";"Amsterdam                               ";"WK036358  ";"     0.4";"     1.7";"     0.6";"     3.1";"     4.4";"     0.9";"     1.7";"     1.8"
"1262";"BU03635801";"Amsterdam                               ";"BU03635801";"     1.0";"     0.0";"     1.0";"     0.4";"     0.4";"     2.1";"     3.2";"     2.8"
"1263";"BU03635804";"Amsterdam                               ";"BU03635804";"     0.0";"     0.3";"     0.1";"     0.2";"     0.4";"     1.9";"     1.9";"     2.8"
"1264";"BU03635805";"Amsterdam                               ";"BU03635805";"     0.0";"     0.0";"     0.0";"     0.0";"     0.0";"     3.2";"     3.2";"     4.1"
"1265";"BU03635806";"Amsterdam                               ";"BU03635806";"     0.0";"     1.0";"     0.0";"     2.9";"     4.1";"     0.2";"     1.7";"     1.5"
"1266";"BU03635807";"Amsterdam                               ";"BU03635807";"     0.6";"     5.0";"     2.0";"     8.6";"    13.3";"     1.1";"     0.5";"     0.9"
"1267";"BU03635808";"Amsterdam                               ";"BU03635808";"     0.0";"     0.8";"     0.0";"     3.0";"     1.6";"     1.0";"     2.4";"     2.1"
"1268";"BU03635809";"Amsterdam                               ";"BU03635809";"     0.8";"     2.9";"     0.8";"     2.1";"     2.8";"     1.4";"     1.4";"     2.3"
"1269";"WK036359  ";"Amsterdam                               ";"WK036359  ";"     2.6";"    19.2";"     2.3";"    17.0";"    19.7";"     0.7";"     0.3";"     0.9"
"1270";"BU03635900";"Amsterdam                               ";"BU03635900";"     2.6";"    19.2";"     2.3";"    17.0";"    19.7";"     0.7";"     0.3";"     0.9"
"1271";"BU03635901";"Amsterdam                               ";"BU03635901";"       .";"       .";"       .";"       .";"       .";"       .";"       .";"       ."
"1272";"WK036360  ";"Amsterdam                               ";"WK036360  ";"     3.9";"    16.2";"     8.0";"    10.3";"    24.6";"     0.4";"     0.5";"     4.6"
"1273";"BU03636000";"Amsterdam                               ";"BU03636000";"     5.4";"    21.0";"     9.6";"    12.8";"    30.9";"     0.4";"     0.5";"     4.4"
"1274";"BU03636001";"Amsterdam                               ";"BU03636001";"     3.2";"    14.8";"     7.8";"     8.9";"    23.8";"     0.3";"     0.7";"     4.7"
"1275";"BU03636002";"Amsterdam                               ";"BU03636002";"     1.8";"     8.2";"     5.0";"     6.7";"    13.0";"     0.6";"     0.4";"     4.9"
"1276";"WK036361  ";"Amsterdam                               ";"WK036361  ";"     4.5";"    16.0";"     6.8";"    10.8";"    18.9";"     0.4";"     0.5";"     4.7"
"1277";"BU03636100";"Amsterdam                               ";"BU03636100";"     4.2";"    11.1";"     5.6";"     7.9";"    13.2";"     0.5";"     0.7";"     5.0"
"1278";"BU03636101";"Amsterdam                               ";"BU03636101";"     5.2";"    20.2";"     8.4";"    12.9";"    24.7";"     0.3";"     0.5";"     4.7"
"1279";"BU03636102";"Amsterdam                               ";"BU03636102";"     3.5";"    12.7";"     4.6";"    10.5";"    13.2";"     0.4";"     0.2";"     4.4"
"1280";"BU03636103";"Amsterdam                               ";"BU03636103";"     0.1";"     4.4";"     1.5";"     1.8";"     2.1";"     1.2";"     1.0";"     5.3"
"1281";"WK036362  ";"Amsterdam                               ";"WK036362  ";"     3.4";"    15.0";"     2.9";"     4.6";"     7.9";"     0.7";"     1.2";"     5.9"
"1282";"BU03636200";"Amsterdam                               ";"BU03636200";"     1.0";"    11.9";"     2.6";"     3.3";"     7.1";"     0.8";"     1.0";"     5.5"
"1283";"BU03636201";"Amsterdam                               ";"BU03636201";"     4.5";"    16.3";"     3.0";"     5.1";"     8.2";"     0.7";"     1.2";"     6.1"
"1284";"WK036363  ";"Amsterdam                               ";"WK036363  ";"     0.4";"     7.4";"     1.7";"     4.1";"     6.1";"     0.5";"     0.4";"     4.9"
"1285";"BU03636300";"Amsterdam                               ";"BU03636300";"     0.4";"     7.4";"     1.7";"     4.1";"     6.1";"     0.5";"     0.4";"     4.9"
"1286";"WK036364  ";"Amsterdam                               ";"WK036364  ";"     0.4";"     9.9";"     2.4";"     3.3";"     6.9";"     0.8";"     0.8";"     5.2"
"1287";"BU03636400";"Amsterdam                               ";"BU03636400";"     0.0";"     2.4";"     1.4";"     2.6";"     4.4";"     1.0";"     0.5";"     5.0"
"1288";"BU03636401";"Amsterdam                               ";"BU03636401";"     0.0";"     1.3";"     0.6";"     0.9";"     2.7";"     1.0";"     1.0";"     4.9"
"1289";"BU03636402";"Amsterdam                               ";"BU03636402";"     0.4";"    11.7";"     2.8";"     4.2";"     8.2";"     0.7";"     0.6";"     5.0"
"1290";"BU03636403";"Amsterdam                               ";"BU03636403";"     1.0";"    10.8";"     2.1";"     1.7";"     5.6";"     1.0";"     1.4";"     5.9"
"1291";"BU03636404";"Amsterdam                               ";"BU03636404";"       .";"       .";"       .";"       .";"       .";"       .";"       .";"       ."
"1292";"WK036365  ";"Amsterdam                               ";"WK036365  ";"     0.6";"     6.4";"     0.4";"     1.7";"     3.1";"     0.6";"     1.6";"     6.0"
"1293";"BU03636500";"Amsterdam                               ";"BU03636500";"     0.0";"     5.6";"     0.0";"     2.8";"     2.8";"     0.9";"     0.6";"     5.8"
"1294";"BU03636501";"Amsterdam                               ";"BU03636501";"     0.4";"    12.8";"     0.0";"     2.5";"     5.2";"     0.4";"     1.2";"     6.2"
"1295";"BU03636502";"Amsterdam                               ";"BU03636502";"     0.6";"     3.3";"     0.9";"     1.5";"     3.1";"     0.9";"     1.9";"     5.8"
"1296";"BU03636503";"Amsterdam                               ";"BU03636503";"     1.0";"     1.0";"     0.2";"     0.0";"     0.0";"     0.3";"     2.1";"     5.8"
"1297";"WK036366  ";"Amsterdam                               ";"WK036366  ";"     1.6";"     4.5";"     0.1";"     1.9";"     0.8";"     0.7";"     1.2";"     6.3"
"1298";"BU03636601";"Amsterdam                               ";"BU03636601";"     0.9";"    11.3";"     0.3";"     2.9";"     4.0";"     0.5";"     1.1";"     6.3"
"1299";"BU03636602";"Amsterdam                               ";"BU03636602";"     1.1";"     3.0";"     0.0";"     1.7";"     0.3";"     0.6";"     1.0";"     6.2"
"1300";"BU03636603";"Amsterdam                               ";"BU03636603";"     2.4";"     5.5";"     0.2";"     2.8";"     1.0";"     0.6";"     1.5";"     6.7"
"1301";"BU03636604";"Amsterdam                               ";"BU03636604";"     0.0";"     0.0";"     0.0";"     0.9";"     0.1";"     2.1";"     2.7";"     5.2"
"1302";"BU03636605";"Amsterdam                               ";"BU03636605";"     1.7";"     5.0";"     0.0";"     1.9";"     0.8";"     0.7";"     1.1";"     6.3"
"1303";"BU03636606";"Amsterdam                               ";"BU03636606";"     0.8";"     1.1";"     0.0";"     0.0";"     0.2";"     1.0";"     0.8";"     6.0"
"1304";"WK036367  ";"Amsterdam                               ";"WK036367  ";"     0.2";"     1.4";"     1.2";"     1.9";"     2.6";"     0.5";"     2.1";"     6.9"
"1305";"BU03636700";"Amsterdam                               ";"BU03636700";"     0.3";"     2.1";"     1.3";"     2.1";"     2.8";"     0.5";"     2.0";"     6.7"
"1306";"BU03636701";"Amsterdam                               ";"BU03636701";"     0.0";"     0.0";"     1.0";"     1.5";"     2.2";"     0.7";"     2.4";"     7.4"
"1307";"WK036368  ";"Amsterdam                               ";"WK036368  ";"     4.6";"    10.6";"     1.4";"     4.7";"     4.8";"     0.4";"     0.7";"     6.4"
"1308";"BU03636800";"Amsterdam                               ";"BU03636800";"     1.5";"     2.8";"     0.5";"     1.3";"     1.3";"     0.5";"     0.6";"     6.7"
"1309";"BU03636801";"Amsterdam                               ";"BU03636801";"     6.9";"    19.4";"     2.9";"     9.1";"     9.6";"     0.7";"     0.9";"     6.3"
"1310";"BU03636802";"Amsterdam                               ";"BU03636802";"     5.4";"    15.3";"     2.0";"     6.0";"     7.3";"     0.4";"     0.6";"     6.4"
"1311";"BU03636803";"Amsterdam                               ";"BU03636803";"     4.2";"     6.3";"     0.8";"     3.5";"     2.5";"     0.2";"     0.5";"     6.7"
"1312";"BU03636804";"Amsterdam                               ";"BU03636804";"     4.0";"     7.0";"     1.0";"     3.7";"     3.0";"     0.4";"     1.0";"     6.2"
"1313";"BU03636805";"Amsterdam                               ";"BU03636805";"     4.1";"    10.2";"     1.1";"     4.3";"     4.1";"     0.3";"     0.8";"     6.1"
"1314";"WK036369  ";"Amsterdam                               ";"WK036369  ";"     4.2";"     9.2";"     1.8";"     7.8";"     5.7";"     0.4";"     0.9";"     5.6"
"1315";"BU03636900";"Amsterdam                               ";"BU03636900";"     0.6";"     7.1";"     1.5";"     2.7";"     3.6";"     0.1";"     0.1";"     5.0"
"1316";"BU03636902";"Amsterdam                               ";"BU03636902";"     5.0";"    11.6";"     1.7";"    11.0";"     6.2";"     0.6";"     0.5";"     5.1"
"1317";"BU03636909";"Amsterdam                               ";"BU03636909";"     5.7";"    13.1";"     2.1";"     9.7";"     7.5";"     0.5";"     1.0";"     5.9"
"1318";"BU03636910";"Amsterdam                               ";"BU03636910";"     4.4";"    12.6";"     1.7";"     9.9";"     7.8";"     0.5";"     0.9";"     5.4"
"1319";"BU03636911";"Amsterdam                               ";"BU03636911";"     4.3";"     6.6";"     2.0";"     6.3";"     4.4";"     0.2";"     1.1";"     5.8"
"1320";"BU03636912";"Amsterdam                               ";"BU03636912";"     3.3";"     4.8";"     1.8";"     4.4";"     3.6";"     0.3";"     1.1";"     6.0"
"1321";"WK036370  ";"Amsterdam                               ";"WK036370  ";"     2.2";"     6.5";"     0.1";"     2.2";"     0.2";"     0.7";"     1.0";"     5.8"
"1322";"BU03637000";"Amsterdam                               ";"BU03637000";"     2.9";"     8.8";"     0.1";"     3.1";"     0.2";"     0.8";"     0.5";"     5.4"
"1323";"BU03637001";"Amsterdam                               ";"BU03637001";"     2.2";"     7.1";"     0.2";"     2.4";"     0.1";"     0.7";"     0.9";"     5.5"
"1324";"BU03637002";"Amsterdam                               ";"BU03637002";"     2.9";"     7.5";"     0.0";"     2.8";"     0.0";"     0.3";"     1.3";"     6.2"
"1325";"BU03637003";"Amsterdam                               ";"BU03637003";"     1.2";"     3.4";"     0.0";"     0.7";"     0.0";"     0.5";"     1.6";"     6.4"
"1326";"BU03637004";"Amsterdam                               ";"BU03637004";"     0.0";"     2.1";"     0.4";"     2.1";"     1.9";"     1.5";"     0.7";"     4.8"
"1327";"BU03637005";"Amsterdam                               ";"BU03637005";"     0.0";"     2.5";"     1.4";"     3.0";"     3.8";"     1.1";"     0.4";"     4.9"
"1328";"WK036371  ";"Amsterdam                               ";"WK036371  ";"     0.7";"     3.2";"     2.9";"     4.9";"    10.7";"     1.1";"     1.2";"     4.8"
"1329";"BU03637102";"Amsterdam                               ";"BU03637102";"     0.7";"     2.6";"     4.1";"     6.2";"     6.8";"     1.0";"     0.8";"     4.2"
"1330";"BU03637104";"Amsterdam                               ";"BU03637104";"       .";"       .";"       .";"       .";"       .";"       .";"       .";"       ."
"1331";"BU03637105";"Amsterdam                               ";"BU03637105";"     0.0";"     1.0";"     2.0";"     3.0";"     7.7";"     1.4";"     1.9";"     5.6"
"1332";"BU03637106";"Amsterdam                               ";"BU03637106";"     2.5";"    11.2";"     6.1";"     9.1";"    21.2";"     0.3";"     1.1";"     3.9"
"1333";"BU03637107";"Amsterdam                               ";"BU03637107";"     1.0";"     4.2";"     2.2";"     5.1";"    14.9";"     1.0";"     0.6";"     4.4"
"1334";"WK036372  ";"Amsterdam                               ";"WK036372  ";"     3.6";"    14.4";"     6.4";"     9.4";"    15.4";"     0.6";"     0.7";"     4.6"
"1335";"BU03637200";"Amsterdam                               ";"BU03637200";"     4.0";"    15.6";"     7.0";"    10.2";"    16.8";"     0.5";"     0.6";"     4.5"
"1336";"BU03637201";"Amsterdam                               ";"BU03637201";"       .";"       .";"       .";"       .";"       .";"       .";"       .";"       ."
"1337";"BU03637202";"Amsterdam                               ";"BU03637202";"     0.0";"     1.3";"     0.2";"     0.2";"     0.8";"     1.3";"     1.9";"     6.4"
"1338";"WK036373  ";"Amsterdam                               ";"WK036373  ";"     0.3";"     0.0";"     0.0";"     0.0";"     0.4";"     2.0";"     3.4";"     7.0"
"1339";"BU03637300";"Amsterdam                               ";"BU03637300";"     1.0";"     0.1";"     0.0";"     0.0";"     1.0";"     2.1";"     2.5";"     5.3"
"1340";"BU03637301";"Amsterdam                               ";"BU03637301";"     0.9";"     0.0";"     0.0";"     0.0";"     0.9";"     1.9";"     2.2";"     5.1"
"1341";"BU03637302";"Amsterdam                               ";"BU03637302";"       .";"       .";"       .";"       .";"       .";"       .";"       .";"       ."
"1342";"BU03637303";"Amsterdam                               ";"BU03637303";"     0.0";"     0.0";"     0.0";"     0.0";"     0.0";"     2.5";"     3.8";"     6.6"
"1343";"BU03637304";"Amsterdam                               ";"BU03637304";"     0.1";"     0.0";"     0.0";"     0.0";"     0.1";"     1.4";"     2.7";"     5.6"
"1344";"BU03637305";"Amsterdam                               ";"BU03637305";"     0.0";"     0.0";"     0.0";"     0.0";"     0.0";"     0.3";"     4.0";"     6.7"
"1345";"BU03637306";"Amsterdam                               ";"BU03637306";"     0.0";"     0.0";"     0.0";"     0.0";"     0.6";"     3.2";"     6.9";"    10.2"
"1346";"BU03637307";"Amsterdam                               ";"BU03637307";"     0.0";"     0.0";"     0.0";"     0.0";"     0.0";"     2.1";"     2.4";"     8.6"
"1347";"BU03637308";"Amsterdam                               ";"BU03637308";"     0.0";"     0.0";"     0.0";"     0.0";"     1.0";"     2.1";"     2.7";"     7.4"
"1348";"BU03637309";"Amsterdam                               ";"BU03637309";"       .";"       .";"       .";"       .";"       .";"       .";"       .";"       ."
"1349";"WK036374  ";"Amsterdam                               ";"WK036374  ";"     1.3";"     1.9";"     0.2";"     2.7";"     0.8";"     0.5";"     0.8";"     6.0"
"1350";"BU03637400";"Amsterdam                               ";"BU03637400";"     0.0";"     1.0";"     0.5";"     0.4";"     2.3";"     0.7";"     0.7";"     4.5"
"1351";"BU03637401";"Amsterdam                               ";"BU03637401";"     3.1";"     4.7";"     0.9";"     6.0";"     3.2";"     0.9";"     0.4";"     5.4"
"1352";"BU03637402";"Amsterdam                               ";"BU03637402";"     0.8";"     1.0";"     0.0";"     1.7";"     0.0";"     0.4";"     0.9";"     6.2"
"1353";"WK036375  ";"Amsterdam                               ";"WK036375  ";"     9.6";"    69.4";"    47.7";"    59.2";"    87.3";"     0.2";"     1.2";"     2.9"
"1354";"BU03637500";"Amsterdam                               ";"BU03637500";"     9.3";"    67.3";"    47.5";"    58.3";"    82.2";"     0.2";"     1.0";"     3.0"
"1355";"BU03637501";"Amsterdam                               ";"BU03637501";"     7.3";"    64.1";"    48.3";"    54.5";"    70.3";"     0.2";"     1.1";"     3.0"
"1356";"BU03637502";"Amsterdam                               ";"BU03637502";"    10.8";"    70.7";"    45.9";"    60.3";"    96.4";"     0.3";"     1.3";"     2.7"
"1357";"BU03637503";"Amsterdam                               ";"BU03637503";"    10.8";"    77.4";"    50.4";"    64.5";"   100.5";"     0.4";"     1.4";"     2.6"
"1358";"WK036376  ";"Amsterdam                               ";"WK036376  ";"     5.2";"    17.6";"     3.0";"    12.2";"    10.9";"     0.3";"     1.2";"     2.5"
"1359";"BU03637600";"Amsterdam                               ";"BU03637600";"     4.7";"    16.1";"     2.7";"    11.6";"    10.0";"     0.3";"     1.2";"     2.5"
"1360";"BU03637601";"Amsterdam                               ";"BU03637601";"     6.1";"    20.9";"     3.7";"    13.5";"    12.6";"     0.5";"     1.1";"     2.7"
"1361";"WK036377  ";"Amsterdam                               ";"WK036377  ";"     4.9";"    15.7";"     3.6";"     8.9";"    10.4";"     0.5";"     0.6";"     2.7"
"1362";"BU03637700";"Amsterdam                               ";"BU03637700";"     4.5";"    15.5";"     3.6";"    10.9";"    10.6";"     0.4";"     0.6";"     2.6"
"1363";"BU03637701";"Amsterdam                               ";"BU03637701";"     2.6";"     8.0";"     2.3";"     4.6";"     5.7";"     0.8";"     0.6";"     2.5"
"1364";"BU03637702";"Amsterdam                               ";"BU03637702";"     6.6";"    16.9";"     3.6";"    12.4";"    13.0";"     0.3";"     0.6";"     2.2"
"1365";"BU03637703";"Amsterdam                               ";"BU03637703";"     6.8";"    21.5";"     4.8";"    10.4";"    12.8";"     0.4";"     0.5";"     2.8"
"1366";"BU03637704";"Amsterdam                               ";"BU03637704";"     3.0";"    15.0";"     3.0";"     7.0";"     8.0";"     1.0";"     1.0";"     2.9"
"1367";"BU03637705";"Amsterdam                               ";"BU03637705";"     4.0";"    16.1";"     3.6";"     6.3";"     9.5";"     0.6";"     1.0";"     3.2"
"1368";"WK036378  ";"Amsterdam                               ";"WK036378  ";"     4.5";"    12.5";"     2.9";"     4.0";"     3.5";"     0.3";"     1.6";"     3.4"
"1369";"BU03637800";"Amsterdam                               ";"BU03637800";"     5.2";"    17.6";"     3.1";"     4.3";"     5.3";"     0.3";"     1.5";"     3.6"
"1370";"BU03637801";"Amsterdam                               ";"BU03637801";"     4.8";"    11.8";"     2.4";"     2.9";"     1.4";"     0.2";"     1.9";"     4.0"
"1371";"BU03637802";"Amsterdam                               ";"BU03637802";"     5.2";"    15.8";"     3.8";"     5.3";"     5.6";"     0.2";"     1.4";"     3.3"
"1372";"BU03637803";"Amsterdam                               ";"BU03637803";"     3.7";"     8.3";"     2.5";"     3.6";"     2.3";"     0.3";"     1.7";"     3.1"
"1373";"BU03637804";"Amsterdam                               ";"BU03637804";"     2.4";"     5.3";"     2.3";"     1.7";"     2.1";"     0.6";"     1.3";"     2.5"
"1374";"WK036379  ";"Amsterdam                               ";"WK036379  ";"     2.5";"     4.2";"     1.4";"     2.2";"     0.5";"     0.8";"     2.4";"     3.9"
"1375";"BU03637900";"Amsterdam                               ";"BU03637900";"     0.1";"     0.2";"     0.7";"     0.9";"     0.2";"     1.1";"     4.0";"     3.2"
"1376";"BU03637901";"Amsterdam                               ";"BU03637901";"     2.5";"     4.2";"     1.4";"     2.2";"     0.5";"     0.8";"     2.4";"     3.9"
"1377";"WK036380  ";"Amsterdam                               ";"WK036380  ";"     0.7";"     2.9";"     0.5";"     1.1";"     0.9";"     1.0";"     2.8";"     3.9"
"1378";"BU03638000";"Amsterdam                               ";"BU03638000";"     1.9";"     6.8";"     1.0";"     1.0";"     1.0";"     0.4";"     2.2";"     3.7"
"1379";"BU03638001";"Amsterdam                               ";"BU03638001";"     0.3";"     1.5";"     0.3";"     1.2";"     0.9";"     1.2";"     3.1";"     3.9"
"1380";"BU03638002";"Amsterdam                               ";"BU03638002";"     0.1";"     0.2";"     0.2";"     1.2";"     0.3";"     2.0";"     2.9";"     5.4"
"1381";"WK036381  ";"Amsterdam                               ";"WK036381  ";"     3.9";"    20.8";"     2.6";"    12.4";"    13.4";"     0.5";"     1.1";"     2.5"
"1382";"BU03638100";"Amsterdam                               ";"BU03638100";"     3.9";"    24.6";"     2.7";"    10.1";"    13.3";"     0.4";"     1.6";"     3.0"
"1383";"BU03638101";"Amsterdam                               ";"BU03638101";"     2.5";"    17.9";"     2.8";"     7.4";"    11.2";"     0.8";"     1.7";"     2.8"
"1384";"BU03638102";"Amsterdam                               ";"BU03638102";"     7.1";"    35.1";"     3.0";"    22.3";"    20.8";"     0.6";"     0.9";"     2.4"
"1385";"BU03638103";"Amsterdam                               ";"BU03638103";"     4.7";"    19.5";"     2.2";"    17.1";"    15.4";"     0.4";"     0.5";"     2.3"
"1386";"BU03638104";"Amsterdam                               ";"BU03638104";"     2.0";"     7.0";"     2.3";"     9.6";"     8.6";"     0.4";"     0.5";"     1.9"
"1387";"WK036382  ";"Amsterdam                               ";"WK036382  ";"     5.2";"    21.7";"     1.9";"    13.3";"    12.6";"     0.3";"     1.0";"     3.1"
"1388";"BU03638200";"Amsterdam                               ";"BU03638200";"     3.2";"    18.8";"     2.3";"     9.7";"     8.4";"     0.2";"     1.7";"     3.6"
"1389";"BU03638201";"Amsterdam                               ";"BU03638201";"     6.9";"    30.0";"     3.2";"    18.4";"    13.9";"     0.4";"     1.4";"     3.2"
"1390";"BU03638202";"Amsterdam                               ";"BU03638202";"     7.3";"    28.7";"     2.4";"    18.9";"    17.0";"     0.3";"     1.0";"     3.1"
"1391";"BU03638203";"Amsterdam                               ";"BU03638203";"     4.1";"    14.9";"     0.7";"     9.2";"    11.6";"     0.4";"     0.4";"     2.9"
"1392";"WK036383  ";"Amsterdam                               ";"WK036383  ";"     2.8";"     8.7";"     2.1";"    11.1";"     6.3";"     0.4";"     1.5";"     3.8"
"1393";"BU03638300";"Amsterdam                               ";"BU03638300";"     2.8";"     8.9";"     2.1";"    11.2";"     6.3";"     0.3";"     1.5";"     3.8"
"1394";"BU03638301";"Amsterdam                               ";"BU03638301";"     1.0";"     2.0";"     2.0";"     7.0";"     3.0";"     0.6";"     2.0";"     4.3"
"1395";"WK036384  ";"Amsterdam                               ";"WK036384  ";"     1.2";"     5.1";"     0.6";"     2.8";"     2.4";"     0.6";"     1.4";"     4.1"
"1396";"BU03638400";"Amsterdam                               ";"BU03638400";"     1.5";"     4.9";"     1.9";"     5.2";"     2.6";"     0.6";"     1.6";"     4.2"
"1397";"BU03638401";"Amsterdam                               ";"BU03638401";"     0.6";"     2.8";"     0.3";"     1.2";"     0.7";"     1.0";"     1.7";"     4.4"
"1398";"BU03638402";"Amsterdam                               ";"BU03638402";"     1.4";"     7.1";"     0.1";"     2.5";"     3.7";"     0.4";"     0.9";"     3.7"
"1399";"WK036385  ";"Amsterdam                               ";"WK036385  ";"     3.4";"    15.5";"     3.3";"     9.3";"    13.2";"     0.5";"     0.6";"     1.2"
"1400";"BU03638500";"Amsterdam                               ";"BU03638500";"     2.5";"     9.0";"     2.7";"     6.0";"     8.6";"     0.8";"     0.8";"     1.6"
"1401";"BU03638501";"Amsterdam                               ";"BU03638501";"     3.0";"    17.0";"     2.9";"     9.4";"    14.2";"     0.3";"     0.4";"     0.9"
"1402";"BU03638502";"Amsterdam                               ";"BU03638502";"     4.3";"    19.3";"     3.9";"    11.8";"    16.0";"     0.3";"     0.6";"     1.0"
"1403";"WK036386  ";"Amsterdam                               ";"WK036386  ";"     3.3";"    12.8";"     3.8";"    10.3";"     8.3";"     0.4";"     0.7";"     1.5"
"1404";"BU03638600";"Amsterdam                               ";"BU03638600";"     3.6";"    11.2";"     3.1";"     9.0";"     6.3";"     0.3";"     1.0";"     1.7"
"1405";"BU03638601";"Amsterdam                               ";"BU03638601";"     3.2";"    13.1";"     2.6";"     9.2";"     8.6";"     0.3";"     0.4";"     1.1"
"1406";"BU03638602";"Amsterdam                               ";"BU03638602";"     3.9";"    24.9";"    11.5";"    21.9";"    17.3";"     0.7";"     1.1";"     1.8"
"1407";"BU03638603";"Amsterdam                               ";"BU03638603";"     3.8";"    15.8";"     2.6";"    12.1";"     8.5";"     0.2";"     0.5";"     1.1"
"1408";"BU03638604";"Amsterdam                               ";"BU03638604";"     3.3";"    14.1";"     3.0";"    10.6";"    12.2";"     0.5";"     0.3";"     0.9"
"1409";"BU03638605";"Amsterdam                               ";"BU03638605";"     1.2";"     6.6";"     6.9";"     9.7";"     8.0";"     0.7";"     0.5";"     2.4"
"1410";"WK036387  ";"Amsterdam                               ";"WK036387  ";"     2.3";"    10.6";"     3.5";"    10.3";"    15.3";"     0.6";"     0.9";"     1.5"
"1411";"BU03638700";"Amsterdam                               ";"BU03638700";"     1.7";"    10.5";"     2.0";"     9.7";"    14.0";"     0.8";"     0.7";"     1.2"
"1412";"BU03638701";"Amsterdam                               ";"BU03638701";"     2.6";"     9.9";"     6.9";"     7.4";"    23.0";"     0.7";"     0.7";"     1.0"
"1413";"BU03638702";"Amsterdam                               ";"BU03638702";"     3.7";"    15.1";"     5.9";"    15.3";"    24.2";"     0.5";"     0.8";"     1.9"
"1414";"BU03638703";"Amsterdam                               ";"BU03638703";"     2.1";"     8.5";"     3.3";"    10.2";"    12.5";"     0.3";"     1.1";"     1.8"
"1415";"BU03638704";"Amsterdam                               ";"BU03638704";"     0.8";"     2.0";"     0.0";"     2.0";"     1.3";"     0.9";"     1.5";"     2.5"
"1416";"BU03638705";"Amsterdam                               ";"BU03638705";"     3.0";"    16.9";"     2.7";"    12.2";"    13.6";"     1.0";"     0.4";"     1.0"
"1417";"WK036388  ";"Amsterdam                               ";"WK036388  ";"     1.3";"     3.1";"     0.1";"     1.6";"     2.2";"     0.6";"     0.8";"     2.9"
"1418";"BU03638800";"Amsterdam                               ";"BU03638800";"     0.0";"     0.0";"     0.0";"     1.3";"     1.6";"     1.4";"     1.6";"     2.6"
"1419";"BU03638801";"Amsterdam                               ";"BU03638801";"     0.0";"     0.0";"     0.0";"     1.0";"     1.5";"     1.2";"     1.4";"     2.5"
"1420";"BU03638802";"Amsterdam                               ";"BU03638802";"     0.0";"     0.0";"     0.0";"     0.0";"     1.1";"     2.1";"     1.9";"     4.5"
"1421";"BU03638803";"Amsterdam                               ";"BU03638803";"     0.8";"     2.4";"     0.1";"     1.7";"     3.0";"     1.1";"     0.8";"     3.5"
"1422";"BU03638804";"Amsterdam                               ";"BU03638804";"     1.7";"     3.7";"     0.0";"     2.0";"     2.0";"     0.3";"     0.9";"     3.0"
"1423";"BU03638805";"Amsterdam                               ";"BU03638805";"     1.0";"     3.0";"     0.1";"     0.9";"     1.4";"     0.4";"     1.0";"     2.4"
"1424";"BU03638806";"Amsterdam                               ";"BU03638806";"     2.0";"     4.0";"     0.0";"     2.0";"     2.3";"     0.5";"     0.4";"     2.9"
"1425";"BU03638807";"Amsterdam                               ";"BU03638807";"     1.7";"     3.4";"     0.0";"     1.8";"     2.0";"     0.8";"     0.5";"     3.4"
"1426";"BU03638808";"Amsterdam                               ";"BU03638808";"     1.9";"     4.0";"     0.0";"     2.1";"     2.9";"     0.4";"     0.5";"     2.6"
"1427";"BU03638809";"Amsterdam                               ";"BU03638809";"     0.0";"     1.3";"     1.0";"     2.2";"     4.9";"     0.8";"     1.1";"     4.1"
"1428";"WK036389  ";"Amsterdam                               ";"WK036389  ";"     2.4";"    14.9";"     2.7";"    11.0";"    11.2";"     0.5";"     0.7";"     1.3"
"1429";"BU03638900";"Amsterdam                               ";"BU03638900";"     3.0";"    18.3";"     3.4";"    13.2";"    14.1";"     0.3";"     0.7";"     1.0"
"1430";"BU03638901";"Amsterdam                               ";"BU03638901";"     3.3";"    19.5";"     3.1";"    13.4";"    14.0";"     0.7";"     0.3";"     1.0"
"1431";"BU03638902";"Amsterdam                               ";"BU03638902";"     1.4";"     8.9";"     2.1";"     7.7";"     6.8";"     0.3";"     1.0";"     1.6"
"1432";"BU03638903";"Amsterdam                               ";"BU03638903";"     0.0";"     3.1";"     0.7";"     4.3";"     4.7";"     0.7";"     1.2";"     1.8"
"1433";"WK036390  ";"Amsterdam                               ";"WK036390  ";"     3.8";"    16.6";"     1.2";"     9.7";"    15.7";"     0.6";"     0.7";"     2.0"
"1434";"BU03639000";"Amsterdam                               ";"BU03639000";"     6.2";"    21.1";"     1.0";"    18.4";"    22.5";"     0.5";"     1.0";"     1.4"
"1435";"BU03639002";"Amsterdam                               ";"BU03639002";"     3.1";"    20.1";"     0.5";"     6.4";"    15.6";"     0.3";"     0.3";"     2.1"
"1436";"BU03639003";"Amsterdam                               ";"BU03639003";"     1.9";"     9.8";"     2.4";"     3.3";"     9.3";"     0.8";"     0.5";"     2.5"
"1437";"BU03639004";"Amsterdam                               ";"BU03639004";"     0.0";"     0.1";"     0.0";"     0.1";"     0.5";"     1.9";"     1.9";"     3.2"
"1438";"BU03639008";"Amsterdam                               ";"BU03639008";"     3.2";"    12.4";"     0.7";"     9.8";"    11.5";"     1.1";"     1.0";"     1.9"
"1439";"BU03639009";"Amsterdam                               ";"BU03639009";"     1.7";"     4.4";"     1.7";"     8.7";"     9.8";"     0.8";"     0.8";"     2.0"
"1440";"WK036391  ";"Amsterdam                               ";"WK036391  ";"     4.0";"    14.4";"     0.1";"     7.7";"    13.8";"     0.5";"     0.7";"     1.4"
"1441";"BU03639100";"Amsterdam                               ";"BU03639100";"     4.4";"    13.1";"     0.0";"     8.7";"    13.7";"     0.5";"     1.3";"     1.1"
"1442";"BU03639101";"Amsterdam                               ";"BU03639101";"     4.8";"    16.8";"     0.1";"     9.8";"    12.7";"     0.6";"     1.0";"     1.0"
"1443";"BU03639102";"Amsterdam                               ";"BU03639102";"     3.3";"    12.7";"     0.0";"     5.8";"    14.7";"     0.3";"     0.3";"     1.7"
"1444";"BU03639103";"Amsterdam                               ";"BU03639103";"     0.2";"     0.3";"     0.0";"     4.2";"     1.3";"     1.4";"     1.4";"     2.4"
"1445";"WK036392  ";"Amsterdam                               ";"WK036392  ";"     0.0";"     1.3";"     0.1";"     6.2";"     4.7";"     1.4";"     2.3";"     0.9"
"1446";"BU03639200";"Amsterdam                               ";"BU03639200";"     0.0";"     0.8";"     1.1";"     8.7";"     7.9";"     2.0";"     2.5";"     1.4"
"1447";"BU03639201";"Amsterdam                               ";"BU03639201";"     0.0";"     1.5";"     0.6";"     7.1";"     7.9";"     1.5";"     2.5";"     1.4"
"1448";"BU03639202";"Amsterdam                               ";"BU03639202";"     0.0";"     0.0";"     0.9";"     6.7";"     6.8";"     2.3";"     2.8";"     1.8"
"1449";"BU03639203";"Amsterdam                               ";"BU03639203";"     0.0";"     1.8";"     0.0";"     7.3";"     5.2";"     1.1";"     2.1";"     0.6"
"1450";"BU03639204";"Amsterdam                               ";"BU03639204";"       .";"       .";"       .";"       .";"       .";"       .";"       .";"       ."
"1451";"BU03639205";"Amsterdam                               ";"BU03639205";"     0.0";"     0.5";"     0.0";"     3.1";"     2.7";"     1.7";"     2.3";"     1.6"
"1452";"BU03639206";"Amsterdam                               ";"BU03639206";"     0.0";"     0.0";"     0.0";"     2.3";"     1.4";"     1.9";"     3.0";"     1.5"
"1453";"WK036393  ";"Amsterdam                               ";"WK036393  ";"     1.0";"     5.8";"     0.4";"     7.1";"     6.4";"     0.7";"     1.2";"     1.2"
"1454";"BU03639300";"Amsterdam                               ";"BU03639300";"     0.8";"     3.3";"     0.6";"     3.2";"     5.9";"     0.8";"     0.8";"     1.1"
"1455";"BU03639301";"Amsterdam                               ";"BU03639301";"     1.0";"     4.6";"     0.2";"     5.3";"     5.8";"     0.4";"     0.5";"     0.9"
"1456";"BU03639302";"Amsterdam                               ";"BU03639302";"     0.4";"     2.5";"     1.0";"    22.3";"     4.8";"     0.5";"     0.8";"     1.5"
"1457";"BU03639303";"Amsterdam                               ";"BU03639303";"     1.0";"     2.8";"     0.4";"     1.3";"     4.5";"     0.4";"     0.9";"     1.0"
"1458";"BU03639304";"Amsterdam                               ";"BU03639304";"     1.7";"    15.2";"     0.4";"    15.1";"    11.1";"     1.3";"     1.9";"     1.3"
"1459";"BU03639305";"Amsterdam                               ";"BU03639305";"     1.9";"    20.4";"     1.0";"    21.8";"    18.9";"     0.9";"     1.9";"     1.0"
"1460";"BU03639306";"Amsterdam                               ";"BU03639306";"     1.4";"     9.9";"     0.3";"     9.9";"     7.7";"     0.8";"     1.8";"     1.5"
"1461";"BU03639307";"Amsterdam                               ";"BU03639307";"     0.0";"     0.4";"     0.0";"     0.2";"     1.6";"     0.7";"     2.3";"     1.7"
"1462";"BU03639308";"Amsterdam                               ";"BU03639308";"     0.0";"     0.0";"     0.0";"     0.0";"     1.0";"     0.6";"     2.2";"     1.7"
"1463";"BU03639309";"Amsterdam                               ";"BU03639309";"     1.0";"     2.0";"     0.0";"     0.0";"     1.2";"     0.7";"     0.7";"     1.2"
"1464";"BU03639310";"Amsterdam                               ";"BU03639310";"       .";"       .";"       .";"       .";"       .";"       .";"       .";"       ."
"1465";"WK036394  ";"Amsterdam                               ";"WK036394  ";"     1.1";"     7.3";"     1.0";"     3.5";"     2.8";"     0.7";"     1.4";"     2.7"
"1466";"BU03639400";"Amsterdam                               ";"BU03639400";"     0.0";"     0.7";"     0.9";"    14.7";"     2.3";"     0.4";"     1.4";"     1.3"
"1467";"BU03639401";"Amsterdam                               ";"BU03639401";"     1.1";"     9.5";"     0.8";"     4.0";"     3.9";"     0.8";"     0.5";"     1.8"
"1468";"BU03639402";"Amsterdam                               ";"BU03639402";"     1.0";"     9.0";"     1.0";"     4.0";"     4.0";"     0.9";"     0.9";"     2.3"
"1469";"BU03639403";"Amsterdam                               ";"BU03639403";"     1.4";"    12.1";"     0.4";"     2.9";"     2.4";"     0.4";"     1.0";"     2.5"
"1470";"BU03639404";"Amsterdam                               ";"BU03639404";"     1.8";"     9.4";"     1.1";"     2.4";"     2.3";"     0.8";"     1.6";"     3.1"
"1471";"BU03639405";"Amsterdam                               ";"BU03639405";"     2.0";"    10.6";"     2.0";"     3.0";"     3.0";"     0.7";"     1.5";"     3.0"
"1472";"BU03639406";"Amsterdam                               ";"BU03639406";"     1.7";"     7.9";"     1.9";"     2.9";"     2.8";"     1.3";"     2.1";"     3.6"
"1473";"BU03639407";"Amsterdam                               ";"BU03639407";"     2.0";"    10.3";"     2.0";"     3.0";"     3.0";"     1.0";"     1.7";"     3.2"
"1474";"BU03639408";"Amsterdam                               ";"BU03639408";"     1.0";"     6.9";"     1.3";"     3.1";"     4.1";"     0.3";"     1.5";"     2.7"
"1475";"BU03639409";"Amsterdam                               ";"BU03639409";"     0.0";"     0.1";"     0.0";"     0.1";"     1.5";"     0.6";"     2.1";"     3.4"
"1476";"BU03639410";"Amsterdam                               ";"BU03639410";"     0.2";"     0.8";"     0.2";"     0.4";"     0.5";"     0.3";"     2.3";"     3.5"
"1477";"BU03639411";"Amsterdam                               ";"BU03639411";"     1.0";"     7.0";"     0.4";"     1.2";"     1.4";"     0.6";"     1.3";"     2.5"
"1478";"BU03639412";"Amsterdam                               ";"BU03639412";"     1.0";"     9.0";"     1.0";"     4.0";"     4.0";"     1.0";"     0.8";"     2.0"
"1479";"BU03639413";"Amsterdam                               ";"BU03639413";"     2.0";"    10.3";"     2.0";"     3.0";"     3.0";"     0.9";"     1.7";"     3.2"
"1480";"WK036395  ";"Amsterdam                               ";"WK036395  ";"     0.0";"     0.2";"     0.2";"     0.0";"     0.0";"     1.7";"     2.0";"     3.0"
"1481";"BU03639500";"Amsterdam                               ";"BU03639500";"     0.0";"     0.2";"     0.2";"     0.0";"     0.0";"     1.8";"     2.0";"     3.0"
"1482";"BU03639501";"Amsterdam                               ";"BU03639501";"     0.0";"     0.3";"     0.3";"     0.0";"     1.5";"     1.9";"     3.1";"     4.2"
"1483";"BU03639502";"Amsterdam                               ";"BU03639502";"     1.0";"     0.0";"     0.0";"     1.0";"     1.0";"     0.7";"     2.3";"     3.2"
"1484";"WK036396  ";"Amsterdam                               ";"WK036396  ";"     1.0";"     6.0";"     1.7";"     2.2";"     2.6";"     0.7";"     1.3";"     1.5"
"1485";"BU03639600";"Amsterdam                               ";"BU03639600";"     0.6";"     2.4";"     1.2";"     2.6";"     2.4";"     0.8";"     1.9";"     0.7"
"1486";"BU03639601";"Amsterdam                               ";"BU03639601";"     0.6";"     2.2";"     1.0";"     2.4";"     1.8";"     0.9";"     1.6";"     0.9"
"1487";"BU03639602";"Amsterdam                               ";"BU03639602";"     1.2";"     4.4";"     1.9";"     0.8";"     2.8";"     0.6";"     1.5";"     1.1"
"1488";"BU03639603";"Amsterdam                               ";"BU03639603";"     2.1";"    15.1";"     2.9";"     3.7";"     3.8";"     0.6";"     0.4";"     1.7"
"1489";"BU03639604";"Amsterdam                               ";"BU03639604";"     1.4";"    11.4";"     2.8";"     2.8";"     3.8";"     0.4";"     0.5";"     2.2"
"1490";"BU03639605";"Amsterdam                               ";"BU03639605";"     1.1";"     6.9";"     1.7";"     1.7";"     2.3";"     0.7";"     1.2";"     2.4"
"1491";"BU03639606";"Amsterdam                               ";"BU03639606";"     1.0";"     6.6";"     1.6";"     1.6";"     2.5";"     0.9";"     1.1";"     2.3"
"1492";"WK036397  ";"Amsterdam                               ";"WK036397  ";"     0.8";"     4.5";"     0.3";"     1.5";"     1.1";"     0.6";"     1.4";"     2.8"
"1493";"BU03639700";"Amsterdam                               ";"BU03639700";"     1.6";"     8.8";"     1.0";"     2.4";"     1.7";"     0.4";"     0.9";"     2.5"
"1494";"BU03639701";"Amsterdam                               ";"BU03639701";"     0.7";"     3.9";"     0.0";"     1.3";"     1.4";"     0.7";"     1.3";"     2.8"
"1495";"BU03639702";"Amsterdam                               ";"BU03639702";"     0.4";"     2.1";"     0.0";"     0.8";"     0.4";"     0.7";"     1.8";"     3.1"
"1496";"BU03639703";"Amsterdam                               ";"BU03639703";"     0.6";"     3.4";"     0.1";"     1.4";"     1.2";"     0.7";"     1.5";"     3.0"
"1497";"WK036398  ";"Amsterdam                               ";"WK036398  ";"     1.0";"     0.0";"     0.0";"     1.0";"     0.0";"     0.3";"     2.7";"     3.6"
"1498";"BU03639800";"Amsterdam                               ";"BU03639800";"     1.0";"     0.0";"     0.0";"     1.0";"     0.0";"     0.3";"     2.6";"     3.5"
"1499";"BU03639801";"Amsterdam                               ";"BU03639801";"     0.7";"     0.0";"     0.0";"     0.8";"     0.0";"     0.7";"     3.1";"     4.0"
